npm verbose cli /usr/bin/node /usr/bin/npm
npm info using npm@10.8.2
npm info using node@v20.19.5
npm verbose title npm install
npm verbose argv "install" "--foreground-scripts" "--loglevel" "verbose" "--legacy-peer-deps"
npm verbose logfile logs-max:10 dir:/home/apedev/.npm/_logs/2025-12-19T00_06_26_555Z-
npm verbose logfile /home/apedev/.npm/_logs/2025-12-19T00_06_26_555Z-debug-0.log
npm http fetch GET 200 https://registry.npmjs.org/@aws-sdk%2fclient-lambda 51ms (cache hit)
npm http fetch GET 200 https://registry.npmjs.org/@aws-sdk%2fcredential-providers 32ms (cache hit)
npm http fetch GET 200 https://registry.npmjs.org/@hookform%2fresolvers 29ms (cache hit)
npm http fetch GET 200 https://registry.npmjs.org/@radix-ui%2freact-accordion 41ms (cache hit)
npm http fetch GET 200 https://registry.npmjs.org/@radix-ui%2freact-alert-dialog 45ms (cache hit)
npm http fetch GET 200 https://registry.npmjs.org/@radix-ui%2freact-aspect-ratio 27ms (cache hit)
npm http fetch GET 200 https://registry.npmjs.org/@radix-ui%2freact-avatar 20ms (cache hit)
npm http fetch GET 200 https://registry.npmjs.org/@radix-ui%2freact-checkbox 10ms (cache hit)
npm http fetch GET 200 https://registry.npmjs.org/@radix-ui%2freact-collapsible 73ms (cache hit)
npm http fetch GET 200 https://registry.npmjs.org/@radix-ui%2freact-context-menu 49ms (cache hit)
npm http fetch GET 200 https://registry.npmjs.org/@radix-ui%2freact-dialog 29ms (cache hit)
npm http fetch GET 200 https://registry.npmjs.org/@radix-ui%2freact-dropdown-menu 61ms (cache hit)
npm http fetch GET 200 https://registry.npmjs.org/@radix-ui%2freact-hover-card 7ms (cache hit)
npm http fetch GET 200 https://registry.npmjs.org/@radix-ui%2freact-label 42ms (cache hit)
npm http fetch GET 200 https://registry.npmjs.org/@radix-ui%2freact-menubar 60ms (cache hit)
npm http fetch GET 200 https://registry.npmjs.org/@radix-ui%2freact-navigation-menu 10ms (cache hit)
npm http fetch GET 200 https://registry.npmjs.org/@radix-ui%2freact-popover 58ms (cache hit)
npm http fetch GET 200 https://registry.npmjs.org/@radix-ui%2freact-progress 13ms (cache hit)
npm http fetch GET 200 https://registry.npmjs.org/@radix-ui%2freact-radio-group 76ms (cache hit)
npm http fetch GET 200 https://registry.npmjs.org/@radix-ui%2freact-scroll-area 50ms (cache hit)
npm http fetch GET 200 https://registry.npmjs.org/@radix-ui%2freact-select 56ms (cache hit)
npm http fetch GET 200 https://registry.npmjs.org/@radix-ui%2freact-separator 26ms (cache hit)
npm http fetch GET 200 https://registry.npmjs.org/@radix-ui%2freact-slider 11ms (cache hit)
npm http fetch GET 200 https://registry.npmjs.org/@radix-ui%2freact-slot 4ms (cache hit)
npm http fetch GET 200 https://registry.npmjs.org/@radix-ui%2freact-switch 19ms (cache hit)
npm http fetch GET 200 https://registry.npmjs.org/@radix-ui%2freact-tabs 6ms (cache hit)
npm http fetch GET 200 https://registry.npmjs.org/@radix-ui%2freact-toast 13ms (cache hit)
npm http fetch GET 200 https://registry.npmjs.org/@radix-ui%2freact-toggle 130ms (cache hit)
npm http fetch GET 200 https://registry.npmjs.org/@radix-ui%2freact-toggle-group 47ms (cache hit)
npm http fetch GET 200 https://registry.npmjs.org/@radix-ui%2freact-tooltip 157ms (cache hit)
npm http fetch GET 200 https://registry.npmjs.org/@rainbow-me%2frainbowkit 9ms (cache hit)
npm http fetch GET 200 https://registry.npmjs.org/@supabase%2fssr 5ms (cache hit)
npm http fetch GET 200 https://registry.npmjs.org/@supabase%2fsupabase-js 27ms (cache hit)
npm http fetch GET 200 https://registry.npmjs.org/@tanstack%2fquery-core 22ms (cache hit)
npm http fetch GET 200 https://registry.npmjs.org/@tanstack%2freact-query 113ms (cache hit)
npm http fetch GET 200 https://registry.npmjs.org/@vercel%2fanalytics 5ms (cache hit)
npm http fetch GET 200 https://registry.npmjs.org/@wagmi%2fcore 23ms (cache hit)
npm http fetch GET 200 https://registry.npmjs.org/autoprefixer 39ms (cache hit)
npm http fetch GET 200 https://registry.npmjs.org/class-variance-authority 8ms (cache hit)
npm http fetch GET 200 https://registry.npmjs.org/clsx 8ms (cache hit)
npm http fetch GET 200 https://registry.npmjs.org/cmdk 14ms (cache hit)
npm http fetch GET 200 https://registry.npmjs.org/date-fns 68ms (cache hit)
npm http fetch GET 200 https://registry.npmjs.org/embla-carousel-react 59ms (cache hit)
npm http fetch GET 200 https://registry.npmjs.org/ethers 17ms (cache hit)
npm http fetch GET 200 https://registry.npmjs.org/immer 6ms (cache hit)
npm http fetch GET 200 https://registry.npmjs.org/input-otp 3ms (cache hit)
npm http fetch GET 200 https://registry.npmjs.org/lucide-react 18ms (cache hit)
npm http fetch GET 200 https://registry.npmjs.org/next 570ms (cache hit)
npm http fetch GET 200 https://registry.npmjs.org/next-themes 11ms (cache hit)
npm http fetch GET 200 https://registry.npmjs.org/pino-pretty 17ms (cache hit)
npm http fetch GET 200 https://registry.npmjs.org/react 52ms (cache hit)
npm http fetch GET 200 https://registry.npmjs.org/react-day-picker 19ms (cache hit)
npm http fetch GET 200 https://registry.npmjs.org/react-dom 300ms (cache hit)
npm http fetch GET 200 https://registry.npmjs.org/react-hook-form 253ms (cache hit)
npm http fetch GET 200 https://registry.npmjs.org/react-resizable-panels 9ms (cache hit)
npm http fetch GET 200 https://registry.npmjs.org/recharts 32ms (cache hit)
npm http fetch GET 200 https://registry.npmjs.org/sonner 8ms (cache hit)
npm http fetch GET 200 https://registry.npmjs.org/tailwind-merge 27ms (cache hit)
npm http fetch GET 200 https://registry.npmjs.org/tailwindcss-animate 7ms (cache hit)
npm http fetch GET 200 https://registry.npmjs.org/thirdweb 607ms (cache hit)
npm http fetch GET 200 https://registry.npmjs.org/thread-stream 26ms (cache hit)
npm http fetch GET 200 https://registry.npmjs.org/use-sync-external-store 39ms (cache hit)
npm http fetch GET 200 https://registry.npmjs.org/vaul 4ms (cache hit)
npm http fetch GET 200 https://registry.npmjs.org/viem 115ms (cache hit)
npm http fetch GET 200 https://registry.npmjs.org/wagmi 50ms (cache hit)
npm http fetch GET 200 https://registry.npmjs.org/zod 19ms (cache hit)
npm http fetch GET 200 https://registry.npmjs.org/zustand 30ms (cache hit)
npm http fetch GET 200 https://registry.npmjs.org/@tailwindcss%2fpostcss 17ms (cache hit)
npm http fetch GET 200 https://registry.npmjs.org/@types%2fnode 145ms (cache hit)
npm http fetch GET 200 https://registry.npmjs.org/@types%2freact 49ms (cache hit)
npm http fetch GET 200 https://registry.npmjs.org/@types%2freact-dom 10ms (cache hit)
npm http fetch GET 200 https://registry.npmjs.org/postcss 25ms (cache hit)
npm http fetch GET 200 https://registry.npmjs.org/tailwindcss 249ms (cache hit)
npm http fetch GET 200 https://registry.npmjs.org/tw-animate-css 44ms (cache hit)
npm http fetch GET 200 https://registry.npmjs.org/typescript 104ms (cache hit)
npm http fetch GET 200 https://registry.npmjs.org/@aws-crypto%2fsha256-js 34ms (cache hit)
npm http fetch GET 200 https://registry.npmjs.org/@aws-crypto%2fsha256-browser 45ms (cache hit)
npm http fetch GET 200 https://registry.npmjs.org/@aws-sdk%2fcredential-provider-node 72ms (cache hit)
npm http fetch GET 200 https://registry.npmjs.org/@aws-sdk%2fcore 102ms (cache hit)
npm http fetch GET 200 https://registry.npmjs.org/@aws-sdk%2fmiddleware-recursion-detection 40ms (cache hit)
npm http fetch GET 200 https://registry.npmjs.org/@aws-sdk%2fmiddleware-host-header 108ms (cache hit)
npm http fetch GET 200 https://registry.npmjs.org/@aws-sdk%2fmiddleware-logger 121ms (cache hit)
npm http fetch GET 200 https://registry.npmjs.org/@aws-sdk%2fmiddleware-user-agent 111ms (cache hit)
npm http fetch GET 200 https://registry.npmjs.org/@aws-sdk%2fregion-config-resolver 155ms (cache hit)
npm http fetch GET 200 https://registry.npmjs.org/@aws-sdk%2futil-user-agent-browser 22ms (cache hit)
npm http fetch GET 200 https://registry.npmjs.org/@aws-sdk%2futil-endpoints 203ms (cache hit)
npm http fetch GET 200 https://registry.npmjs.org/@aws-sdk%2ftypes 262ms (cache hit)
npm http fetch GET 200 https://registry.npmjs.org/@aws-sdk%2futil-user-agent-node 172ms (cache hit)
npm http fetch GET 200 https://registry.npmjs.org/@smithy%2fconfig-resolver 174ms (cache hit)
npm http fetch GET 200 https://registry.npmjs.org/@smithy%2feventstream-serde-browser 181ms (cache hit)
npm http fetch GET 200 https://registry.npmjs.org/@smithy%2fcore 201ms (cache hit)
npm http fetch GET 200 https://registry.npmjs.org/@smithy%2feventstream-serde-node 170ms (cache hit)
npm http fetch GET 200 https://registry.npmjs.org/@smithy%2feventstream-serde-config-resolver 179ms (cache hit)
npm http fetch GET 200 https://registry.npmjs.org/@smithy%2ffetch-http-handler 29ms (cache hit)
npm http fetch GET 200 https://registry.npmjs.org/@smithy%2fhash-node 29ms (cache hit)
npm http fetch GET 200 https://registry.npmjs.org/@smithy%2finvalid-dependency 23ms (cache hit)
npm http fetch GET 200 https://registry.npmjs.org/@smithy%2fmiddleware-content-length 31ms (cache hit)
npm http fetch GET 200 https://registry.npmjs.org/@smithy%2fmiddleware-retry 130ms (cache hit)
npm http fetch GET 200 https://registry.npmjs.org/@smithy%2fmiddleware-endpoint 148ms (cache hit)
npm http fetch GET 200 https://registry.npmjs.org/@smithy%2fmiddleware-serde 153ms (cache hit)
npm http fetch GET 200 https://registry.npmjs.org/@smithy%2fmiddleware-stack 149ms (cache hit)
npm http fetch GET 200 https://registry.npmjs.org/@smithy%2fnode-config-provider 45ms (cache hit)
npm http fetch GET 200 https://registry.npmjs.org/@smithy%2fnode-http-handler 43ms (cache hit)
npm http fetch GET 200 https://registry.npmjs.org/@smithy%2fprotocol-http 45ms (cache hit)
npm http fetch GET 200 https://registry.npmjs.org/@smithy%2fsmithy-client 195ms (cache hit)
npm http fetch GET 200 https://registry.npmjs.org/@smithy%2ftypes 217ms (cache hit)
npm http fetch GET 200 https://registry.npmjs.org/@smithy%2furl-parser 219ms (cache hit)
npm http fetch GET 200 https://registry.npmjs.org/@smithy%2futil-base64 174ms (cache hit)
npm http fetch GET 200 https://registry.npmjs.org/@smithy%2futil-body-length-browser 38ms (cache hit)
npm http fetch GET 200 https://registry.npmjs.org/@smithy%2futil-body-length-node 27ms (cache hit)
npm http fetch GET 200 https://registry.npmjs.org/@smithy%2futil-defaults-mode-browser 25ms (cache hit)
npm http fetch GET 200 https://registry.npmjs.org/@smithy%2futil-defaults-mode-node 99ms (cache hit)
npm http fetch GET 200 https://registry.npmjs.org/@smithy%2futil-endpoints 198ms (cache hit)
npm http fetch GET 200 https://registry.npmjs.org/@smithy%2futil-middleware 209ms (cache hit)
npm http fetch GET 200 https://registry.npmjs.org/@smithy%2futil-retry 134ms (cache hit)
npm http fetch GET 200 https://registry.npmjs.org/@smithy%2futil-stream 119ms (cache hit)
npm http fetch GET 200 https://registry.npmjs.org/@smithy%2futil-utf8 43ms (cache hit)
npm http fetch GET 200 https://registry.npmjs.org/@smithy%2futil-waiter 55ms (cache hit)
npm http fetch GET 200 https://registry.npmjs.org/tslib 91ms (cache hit)
npm http fetch GET 200 https://registry.npmjs.org/@aws-sdk%2fclient-cognito-identity 179ms (cache hit)
npm http fetch GET 200 https://registry.npmjs.org/@aws-sdk%2fcredential-provider-env 204ms (cache hit)
npm http fetch GET 200 https://registry.npmjs.org/@aws-sdk%2fcredential-provider-cognito-identity 310ms (cache hit)
npm http fetch GET 200 https://registry.npmjs.org/@aws-sdk%2fcredential-provider-ini 236ms (cache hit)
npm http fetch GET 200 https://registry.npmjs.org/@aws-sdk%2fcredential-provider-http 450ms (cache hit)
npm http fetch GET 200 https://registry.npmjs.org/@aws-sdk%2fcredential-provider-login 231ms (cache hit)
npm http fetch GET 200 https://registry.npmjs.org/@aws-sdk%2fcredential-provider-process 201ms (cache hit)
npm http fetch GET 200 https://registry.npmjs.org/@aws-sdk%2fcredential-provider-sso 41ms (cache hit)
npm http fetch GET 200 https://registry.npmjs.org/@aws-sdk%2fcredential-provider-web-identity 178ms (cache hit)
npm http fetch GET 200 https://registry.npmjs.org/@smithy%2fcredential-provider-imds 202ms (cache hit)
npm http fetch GET 200 https://registry.npmjs.org/@smithy%2fproperty-provider 88ms (cache hit)
npm http fetch GET 200 https://registry.npmjs.org/@aws-sdk%2fnested-clients 232ms (cache hit)
npm http fetch GET 200 https://registry.npmjs.org/@radix-ui%2freact-id 35ms (cache hit)
npm http fetch GET 200 https://registry.npmjs.org/@radix-ui%2freact-direction 12ms (cache hit)
npm http fetch GET 200 https://registry.npmjs.org/@radix-ui%2fprimitive 36ms (cache hit)
npm http fetch GET 200 https://registry.npmjs.org/@radix-ui%2freact-context 36ms (cache hit)
npm http fetch GET 200 https://registry.npmjs.org/@radix-ui%2freact-primitive 28ms (cache hit)
npm http fetch GET 200 https://registry.npmjs.org/@radix-ui%2freact-compose-refs 39ms (cache hit)
npm http fetch GET 200 https://registry.npmjs.org/@radix-ui%2freact-use-controllable-state 46ms (cache hit)
npm http fetch GET 200 https://registry.npmjs.org/@radix-ui%2freact-collection 69ms (cache hit)
npm http fetch GET 200 https://registry.npmjs.org/@radix-ui%2freact-compose-refs 117ms (cache hit)
npm http fetch GET 200 https://registry.npmjs.org/@radix-ui%2freact-use-callback-ref 136ms (cache hit)
npm http fetch GET 200 https://registry.npmjs.org/@radix-ui%2freact-use-layout-effect 131ms (cache hit)
npm http fetch GET 200 https://registry.npmjs.org/@radix-ui%2freact-presence 103ms (cache hit)
npm http fetch GET 200 https://registry.npmjs.org/@radix-ui%2freact-use-size 41ms (cache hit)
npm http fetch GET 200 https://registry.npmjs.org/@radix-ui%2freact-presence 20ms (cache hit)
npm http fetch GET 200 https://registry.npmjs.org/@radix-ui%2freact-use-previous 43ms (cache hit)
npm http fetch GET 200 https://registry.npmjs.org/@radix-ui%2freact-menu 43ms (cache hit)
npm http fetch GET 200 https://registry.npmjs.org/aria-hidden 86ms (cache hit)
npm http fetch GET 200 https://registry.npmjs.org/react-remove-scroll 107ms (cache hit)
npm http fetch GET 200 https://registry.npmjs.org/@radix-ui%2freact-focus-scope 83ms (cache hit)
npm http fetch GET 200 https://registry.npmjs.org/@radix-ui%2freact-portal 145ms (cache hit)
npm http fetch GET 200 https://registry.npmjs.org/@radix-ui%2freact-focus-guards 133ms (cache hit)
npm http fetch GET 200 https://registry.npmjs.org/@radix-ui%2freact-dismissable-layer 47ms (cache hit)
npm http fetch GET 200 https://registry.npmjs.org/@radix-ui%2freact-dismissable-layer 127ms (cache hit)
npm http fetch GET 200 https://registry.npmjs.org/@radix-ui%2freact-popper 198ms (cache hit)
npm http fetch GET 200 https://registry.npmjs.org/@radix-ui%2freact-roving-focus 173ms (cache hit)
npm http fetch GET 200 https://registry.npmjs.org/@radix-ui%2freact-popper 83ms (cache hit)
npm http fetch GET 200 https://registry.npmjs.org/@radix-ui%2freact-roving-focus 53ms (cache hit)
npm http fetch GET 200 https://registry.npmjs.org/@radix-ui%2freact-visually-hidden 191ms (cache hit)
npm http fetch GET 200 https://registry.npmjs.org/@radix-ui%2fnumber 137ms (cache hit)
npm http fetch GET 200 https://registry.npmjs.org/@radix-ui%2fnumber 122ms (cache hit)
npm http fetch GET 200 https://registry.npmjs.org/@radix-ui%2fnumber 69ms (cache hit)
npm http fetch GET 200 https://registry.npmjs.org/@radix-ui%2freact-visually-hidden 127ms (cache hit)
npm http fetch GET 200 https://registry.npmjs.org/cuer 34ms (cache hit)
npm http fetch GET 200 https://registry.npmjs.org/@vanilla-extract%2fcss 65ms (cache hit)
npm http fetch GET 200 https://registry.npmjs.org/ua-parser-js 104ms (cache hit)
npm http fetch GET 200 https://registry.npmjs.org/@vanilla-extract%2fdynamic 181ms (cache hit)
npm http fetch GET 200 https://registry.npmjs.org/@vanilla-extract%2fsprinkles 205ms (cache hit)
npm http fetch GET 200 https://registry.npmjs.org/cookie 142ms (cache hit)
npm http fetch GET 200 https://registry.npmjs.org/@supabase%2fauth-js 99ms (cache hit)
npm http fetch GET 200 https://registry.npmjs.org/@supabase%2ffunctions-js 53ms (cache hit)
npm http fetch GET 200 https://registry.npmjs.org/@supabase%2fstorage-js 111ms (cache hit)
npm http fetch GET 200 https://registry.npmjs.org/@supabase%2fpostgrest-js 184ms (cache hit)
npm http fetch GET 200 https://registry.npmjs.org/@supabase%2frealtime-js 223ms (cache hit)
npm http fetch GET 200 https://registry.npmjs.org/@alloc%2fquick-lru 147ms (cache hit)
npm http fetch GET 200 https://registry.npmjs.org/@tailwindcss%2fnode 162ms (cache hit)
npm http fetch GET 200 https://registry.npmjs.org/tailwindcss 391ms (cache hit)
npm http fetch GET 200 https://registry.npmjs.org/@tailwindcss%2foxide 648ms (cache hit)
npm http fetch GET 200 https://registry.npmjs.org/csstype 558ms (cache hit)
npm http fetch GET 200 https://registry.npmjs.org/server-only 281ms (cache hit)
npm http fetch GET 200 https://registry.npmjs.org/undici-types 691ms (cache hit)
npm http fetch GET 200 https://registry.npmjs.org/mipd 153ms (cache hit)
npm http fetch GET 200 https://registry.npmjs.org/browserslist 159ms (cache hit)
npm http fetch GET 200 https://registry.npmjs.org/eventemitter3 208ms (cache hit)
npm http fetch GET 200 https://registry.npmjs.org/caniuse-lite 176ms (cache hit)
npm http fetch GET 200 https://registry.npmjs.org/fraction.js 259ms (cache hit)
npm http fetch GET 200 https://registry.npmjs.org/picocolors 249ms (cache hit)
npm http fetch GET 200 https://registry.npmjs.org/postcss-value-parser 250ms (cache hit)
npm http fetch GET 200 https://registry.npmjs.org/use-sync-external-store 190ms (cache hit)
npm http fetch GET 200 https://registry.npmjs.org/embla-carousel-reactive-utils 215ms (cache hit)
npm http fetch GET 200 https://registry.npmjs.org/embla-carousel 324ms (cache hit)
npm http fetch GET 200 https://registry.npmjs.org/ws 336ms (cache hit)
npm http fetch GET 200 https://registry.npmjs.org/aes-js 178ms (cache hit)
npm http fetch GET 200 https://registry.npmjs.org/@noble%2fcurves 63ms (cache hit)
npm http fetch GET 200 https://registry.npmjs.org/@noble%2fhashes 69ms (cache hit)
npm http fetch GET 200 https://registry.npmjs.org/@types%2fnode 316ms (cache hit)
npm http fetch GET 200 https://registry.npmjs.org/@adraffy%2fens-normalize 852ms (cache hit)
npm http fetch GET 200 https://registry.npmjs.org/styled-jsx 816ms (cache hit)
npm http fetch GET 200 https://registry.npmjs.org/@swc%2fhelpers 98ms (cache hit)
npm http fetch GET 200 https://registry.npmjs.org/@next%2fenv 1033ms (cache hit)
npm http fetch GET 200 https://registry.npmjs.org/caniuse-lite 441ms (cache hit)
npm http fetch GET 200 https://registry.npmjs.org/sharp 474ms (cache hit)
npm http fetch GET 200 https://registry.npmjs.org/@next%2fswc-linux-x64-gnu 157ms (cache hit)
npm http fetch GET 200 https://registry.npmjs.org/@next%2fswc-darwin-x64 538ms (cache hit)
npm http fetch GET 200 https://registry.npmjs.org/@next%2fswc-darwin-arm64 515ms (cache hit)
npm http fetch GET 200 https://registry.npmjs.org/@next%2fswc-linux-x64-musl 489ms (cache hit)
npm http fetch GET 200 https://registry.npmjs.org/@next%2fswc-linux-arm64-gnu 528ms (cache hit)
npm http fetch GET 200 https://registry.npmjs.org/@next%2fswc-linux-arm64-musl 507ms (cache hit)
npm http fetch GET 200 https://registry.npmjs.org/@next%2fswc-win32-x64-msvc 1058ms (cache hit)
npm http fetch GET 200 https://registry.npmjs.org/colorette 701ms (cache hit)
npm http fetch GET 200 https://registry.npmjs.org/dateformat 458ms (cache hit)
npm http fetch GET 200 https://registry.npmjs.org/fast-copy 147ms (cache hit)
npm http fetch GET 200 https://registry.npmjs.org/@next%2fswc-win32-arm64-msvc 897ms (cache hit)
npm http fetch GET 200 https://registry.npmjs.org/fast-safe-stringify 423ms (cache hit)
npm http fetch GET 200 https://registry.npmjs.org/help-me 421ms (cache hit)
npm http fetch GET 200 https://registry.npmjs.org/minimist 29ms (cache hit)
npm http fetch GET 200 https://registry.npmjs.org/joycon 397ms (cache hit)
npm http fetch GET 200 https://registry.npmjs.org/on-exit-leak-free 17ms (cache hit)
npm http fetch GET 200 https://registry.npmjs.org/secure-json-parse 9ms (cache hit)
npm http fetch GET 200 https://registry.npmjs.org/pino-abstract-transport 19ms (cache hit)
npm http fetch GET 200 https://registry.npmjs.org/pump 15ms (cache hit)
npm http fetch GET 200 https://registry.npmjs.org/sonic-boom 20ms (cache hit)
npm http fetch GET 200 https://registry.npmjs.org/strip-json-comments 25ms (cache hit)
npm http fetch GET 200 https://registry.npmjs.org/nanoid 30ms (cache hit)
npm http fetch GET 200 https://registry.npmjs.org/source-map-js 35ms (cache hit)
npm http fetch GET 200 https://registry.npmjs.org/loose-envify 38ms (cache hit)
npm http fetch GET 200 https://registry.npmjs.org/@date-fns%2ftz 96ms (cache hit)
npm http fetch GET 200 https://registry.npmjs.org/date-fns-jalali 124ms (cache hit)
npm http fetch GET 200 https://registry.npmjs.org/scheduler 231ms (cache hit)
npm http fetch GET 200 https://registry.npmjs.org/lodash 455ms (cache hit)
npm http fetch GET 200 https://registry.npmjs.org/recharts-scale 47ms (cache hit)
npm http fetch GET 200 https://registry.npmjs.org/react-smooth 290ms (cache hit)
npm http fetch GET 200 https://registry.npmjs.org/react-is 494ms (cache hit)
npm http fetch GET 200 https://registry.npmjs.org/victory-vendor 348ms (cache hit)
npm http fetch GET 200 https://registry.npmjs.org/tiny-invariant 383ms (cache hit)
npm http fetch GET 200 https://registry.npmjs.org/ora 44ms (cache hit)
npm http fetch GET 200 https://registry.npmjs.org/ox 384ms (cache hit)
npm http fetch GET 200 https://registry.npmjs.org/uqr 277ms (cache hit)
npm http fetch GET 200 https://registry.npmjs.org/zod 298ms (cache hit)
npm http fetch GET 200 https://registry.npmjs.org/toml 160ms (cache hit)
npm http fetch GET 200 https://registry.npmjs.org/open 405ms (cache hit)
npm http fetch GET 200 https://registry.npmjs.org/x402 38ms (cache hit)
npm http fetch GET 200 https://registry.npmjs.org/qrcode 43ms (cache hit)
npm http fetch GET 200 https://registry.npmjs.org/viem 326ms (cache hit)
npm http fetch GET 200 https://registry.npmjs.org/fuse.js 697ms (cache hit)
npm http fetch GET 200 https://registry.npmjs.org/abitype 725ms (cache hit)
npm http fetch GET 200 https://registry.npmjs.org/cross-spawn 97ms (cache hit)
npm http fetch GET 200 https://registry.npmjs.org/@emotion%2fstyled 58ms (cache hit)
npm http fetch GET 200 https://registry.npmjs.org/@emotion%2freact 131ms (cache hit)
npm http fetch GET 200 https://registry.npmjs.org/prompts 806ms (cache hit)
npm http fetch GET 200 https://registry.npmjs.org/@thirdweb-dev%2fengine 41ms (cache hit)
npm http fetch GET 200 https://registry.npmjs.org/@radix-ui%2freact-icons 28ms (cache hit)
npm http fetch GET 200 https://registry.npmjs.org/@coinbase%2fwallet-sdk 75ms (cache hit)
npm http fetch GET 200 https://registry.npmjs.org/@tanstack%2freact-query 94ms (cache hit)
npm http fetch GET 200 https://registry.npmjs.org/@passwordless-id%2fwebauthn 110ms (cache hit)
npm http fetch GET 200 https://registry.npmjs.org/@thirdweb-dev%2finsight 328ms (cache hit)
npm http fetch GET 200 https://registry.npmjs.org/@radix-ui%2freact-tooltip 317ms (cache hit)
npm http fetch GET 200 https://registry.npmjs.org/real-require 43ms (cache hit)
npm http fetch GET 200 https://registry.npmjs.org/@walletconnect%2funiversal-provider 81ms (cache hit)
npm http fetch GET 200 https://registry.npmjs.org/@walletconnect%2fsign-client 258ms (cache hit)
npm http fetch GET 200 https://registry.npmjs.org/isows 78ms (cache hit)
npm http fetch GET 200 https://registry.npmjs.org/@scure%2fbip32 21ms (cache hit)
npm http fetch GET 200 https://registry.npmjs.org/ox 196ms (cache hit)
npm http fetch GET 200 https://registry.npmjs.org/@scure%2fbip39 341ms (cache hit)
npm http fetch GET 200 https://registry.npmjs.org/@wagmi%2fcore 347ms (cache hit)
npm http fetch GET 200 https://registry.npmjs.org/@wagmi%2fconnectors 177ms (cache hit)
npm http fetch GET 200 https://registry.npmjs.org/use-sync-external-store 224ms (cache hit)
npm http fetch GET 200 https://registry.npmjs.org/@radix-ui%2freact-dialog 1380ms (cache revalidated)
npm http fetch GET 200 https://registry.npmjs.org/@aws-crypto%2futil 12ms (cache hit)
npm http fetch GET 200 https://registry.npmjs.org/@aws-crypto%2fsupports-web-crypto 14ms (cache hit)
npm http fetch GET 200 https://registry.npmjs.org/@aws-sdk%2futil-locate-window 19ms (cache hit)
npm http fetch GET 200 https://registry.npmjs.org/@aws-crypto%2futil 29ms (cache hit)
npm http fetch GET 200 https://registry.npmjs.org/@aws-sdk%2fxml-builder 49ms (cache hit)
npm http fetch GET 200 https://registry.npmjs.org/@smithy%2fsignature-v4 69ms (cache hit)
npm http fetch GET 200 https://registry.npmjs.org/@aws%2flambda-invoke-store 64ms (cache hit)
npm http fetch GET 200 https://registry.npmjs.org/@smithy%2fshared-ini-file-loader 157ms (cache hit)
npm http fetch GET 200 https://registry.npmjs.org/@smithy%2fuuid 76ms (cache hit)
npm http fetch GET 200 https://registry.npmjs.org/@smithy%2futil-config-provider 94ms (cache hit)
npm http fetch GET 200 https://registry.npmjs.org/@smithy%2feventstream-serde-universal 13ms (cache hit)
npm http fetch GET 200 https://registry.npmjs.org/bowser 135ms (cache hit)
npm http fetch GET 200 https://registry.npmjs.org/@smithy%2fquerystring-builder 26ms (cache hit)
npm http fetch GET 200 https://registry.npmjs.org/@smithy%2feventstream-serde-universal 42ms (cache hit)
npm http fetch GET 200 https://registry.npmjs.org/@smithy%2fservice-error-classification 86ms (cache hit)
npm http fetch GET 200 https://registry.npmjs.org/@smithy%2futil-buffer-from 129ms (cache hit)
npm http fetch GET 200 https://registry.npmjs.org/@smithy%2fquerystring-parser 107ms (cache hit)
npm http fetch GET 200 https://registry.npmjs.org/@smithy%2futil-buffer-from 56ms (cache hit)
npm http fetch GET 200 https://registry.npmjs.org/@smithy%2fabort-controller 151ms (cache hit)
npm http fetch GET 200 https://registry.npmjs.org/@smithy%2futil-hex-encoding 55ms (cache hit)
npm http fetch GET 200 https://registry.npmjs.org/@smithy%2fabort-controller 34ms (cache hit)
npm http fetch GET 200 https://registry.npmjs.org/@smithy%2fis-array-buffer 8ms (cache hit)
npm http fetch GET 200 https://registry.npmjs.org/fast-xml-parser 15ms (cache hit)
npm http fetch GET 200 https://registry.npmjs.org/@smithy%2futil-uri-escape 56ms (cache hit)
npm http fetch GET 200 https://registry.npmjs.org/@aws-sdk%2ftoken-providers 47ms (cache hit)
npm http fetch GET 200 https://registry.npmjs.org/@aws-sdk%2fclient-sso 104ms (cache hit)
npm http fetch GET 200 https://registry.npmjs.org/strnum 84ms (cache hit)
npm http fetch GET 200 https://registry.npmjs.org/react-remove-scroll-bar 17ms (cache hit)
npm http fetch GET 200 https://registry.npmjs.org/react-style-singleton 25ms (cache hit)
npm http fetch GET 200 https://registry.npmjs.org/use-callback-ref 26ms (cache hit)
npm http fetch GET 200 https://registry.npmjs.org/@radix-ui%2freact-use-escape-keydown 29ms (cache hit)
npm http fetch GET 200 https://registry.npmjs.org/use-sidecar 12ms (cache hit)
npm http fetch GET 200 https://registry.npmjs.org/@radix-ui%2frect 40ms (cache hit)
npm http fetch GET 200 https://registry.npmjs.org/@floating-ui%2freact-dom 45ms (cache hit)
npm http fetch GET 200 https://registry.npmjs.org/@radix-ui%2freact-use-rect 77ms (cache hit)
npm http fetch GET 200 https://registry.npmjs.org/@radix-ui%2freact-arrow 101ms (cache hit)
npm http fetch GET 200 https://registry.npmjs.org/@floating-ui%2fdom 34ms (cache hit)
npm http fetch GET 200 https://registry.npmjs.org/@floating-ui%2futils 9ms (cache hit)
npm http fetch GET 200 https://registry.npmjs.org/@floating-ui%2fcore 12ms (cache hit)
npm http fetch GET 200 https://registry.npmjs.org/css-what 70ms (cache hit)
npm http fetch GET 200 https://registry.npmjs.org/deepmerge 85ms (cache hit)
npm http fetch GET 200 https://registry.npmjs.org/cssesc 106ms (cache hit)
npm http fetch GET 200 https://registry.npmjs.org/dedent 109ms (cache hit)
npm http fetch GET 200 https://registry.npmjs.org/deep-object-diff 51ms (cache hit)
npm http fetch GET 200 https://registry.npmjs.org/media-query-parser 47ms (cache hit)
npm http fetch GET 200 https://registry.npmjs.org/@emotion%2fhash 92ms (cache hit)
npm http fetch GET 200 https://registry.npmjs.org/lru-cache 118ms (cache hit)
npm http fetch GET 200 https://registry.npmjs.org/modern-ahocorasick 130ms (cache hit)
npm http fetch GET 200 https://registry.npmjs.org/@vanilla-extract%2fprivate 129ms (cache hit)
npm http fetch GET 200 https://registry.npmjs.org/qr 94ms (cache hit)
npm http fetch GET 200 https://registry.npmjs.org/@vanilla-extract%2fprivate 130ms (cache hit)
npm http fetch GET 200 https://registry.npmjs.org/@smithy%2feventstream-codec 4ms (cache hit)
npm http fetch GET 200 https://registry.npmjs.org/@aws-crypto%2fcrc32 4ms (cache hit)
npm http fetch GET 200 https://registry.npmjs.org/@types%2fws 91ms (cache hit)
npm http fetch GET 200 https://registry.npmjs.org/@types%2fphoenix 104ms (cache hit)
npm http fetch GET 200 https://registry.npmjs.org/iceberg-js 99ms (cache hit)
npm http fetch GET 200 https://registry.npmjs.org/lightningcss 26ms (cache hit)
npm http fetch GET 200 https://registry.npmjs.org/magic-string 34ms (cache hit)
npm http fetch GET 200 https://registry.npmjs.org/enhanced-resolve 48ms (cache hit)
npm http fetch GET 200 https://registry.npmjs.org/jiti 65ms (cache hit)
npm http fetch GET 200 https://registry.npmjs.org/@jridgewell%2fremapping 142ms (cache hit)
npm http fetch GET 200 https://registry.npmjs.org/@tailwindcss%2foxide-wasm32-wasi 120ms (cache hit)
npm http fetch GET 200 https://registry.npmjs.org/@tailwindcss%2foxide-darwin-x64 239ms (cache hit)
npm http fetch GET 200 https://registry.npmjs.org/@tailwindcss%2foxide-freebsd-x64 267ms (cache hit)
npm http fetch GET 200 https://registry.npmjs.org/@tailwindcss%2foxide-android-arm64 235ms (cache hit)
npm http fetch GET 200 https://registry.npmjs.org/@tailwindcss%2foxide-darwin-arm64 392ms (cache hit)
npm http fetch GET 200 https://registry.npmjs.org/@tailwindcss%2foxide-linux-x64-gnu 383ms (cache hit)
npm http fetch GET 200 https://registry.npmjs.org/@tailwindcss%2foxide-linux-x64-musl 388ms (cache hit)
npm http fetch GET 200 https://registry.npmjs.org/@tailwindcss%2foxide-win32-arm64-msvc 72ms (cache hit)
npm http fetch GET 200 https://registry.npmjs.org/@tailwindcss%2foxide-linux-arm64-gnu 360ms (cache hit)
npm http fetch GET 200 https://registry.npmjs.org/@tailwindcss%2foxide-linux-arm64-musl 329ms (cache hit)
npm http fetch GET 200 https://registry.npmjs.org/@tailwindcss%2foxide-win32-x64-msvc 640ms (cache hit)
npm http fetch GET 200 https://registry.npmjs.org/@tailwindcss%2foxide-linux-arm-gnueabihf 361ms (cache hit)
npm http fetch GET 200 https://registry.npmjs.org/graceful-fs 27ms (cache hit)
npm http fetch GET 200 https://registry.npmjs.org/tapable 61ms (cache hit)
npm http fetch GET 200 https://registry.npmjs.org/@jridgewell%2fgen-mapping 186ms (cache hit)
npm http fetch GET 200 https://registry.npmjs.org/@jridgewell%2ftrace-mapping 205ms (cache hit)
npm http fetch GET 200 https://registry.npmjs.org/lightningcss-darwin-x64 104ms (cache hit)
npm http fetch GET 200 https://registry.npmjs.org/detect-libc 151ms (cache hit)
npm http fetch GET 200 https://registry.npmjs.org/lightningcss-linux-x64-gnu 109ms (cache hit)
npm http fetch GET 200 https://registry.npmjs.org/lightningcss-win32-x64-msvc 180ms (cache hit)
npm http fetch GET 200 https://registry.npmjs.org/lightningcss-darwin-arm64 143ms (cache hit)
npm http fetch GET 200 https://registry.npmjs.org/lightningcss-linux-arm-gnueabihf 20ms (cache hit)
npm http fetch GET 200 https://registry.npmjs.org/lightningcss-win32-arm64-msvc 162ms (cache hit)
npm http fetch GET 200 https://registry.npmjs.org/lightningcss-linux-arm64-gnu 150ms (cache hit)
npm http fetch GET 200 https://registry.npmjs.org/lightningcss-android-arm64 8ms (cache hit)
npm http fetch GET 200 https://registry.npmjs.org/lightningcss-linux-arm64-musl 23ms (cache hit)
npm http fetch GET 200 https://registry.npmjs.org/lightningcss-freebsd-x64 18ms (cache hit)
npm http fetch GET 200 https://registry.npmjs.org/lightningcss-linux-x64-musl 24ms (cache hit)
npm http fetch GET 200 https://registry.npmjs.org/@jridgewell%2fsourcemap-codec 10ms (cache hit)
npm http fetch GET 200 https://registry.npmjs.org/@jridgewell%2fresolve-uri 14ms (cache hit)
npm http fetch GET 200 https://registry.npmjs.org/@babel%2fruntime 16ms (cache hit)
npm http fetch GET 200 https://registry.npmjs.org/node-releases 112ms (cache hit)
npm http fetch GET 200 https://registry.npmjs.org/baseline-browser-mapping 132ms (cache hit)
npm http fetch GET 200 https://registry.npmjs.org/caniuse-lite 139ms (cache hit)
npm http fetch GET 200 https://registry.npmjs.org/electron-to-chromium 241ms (cache hit)
npm http fetch GET 200 https://registry.npmjs.org/update-browserslist-db 387ms (cache hit)
npm http fetch GET 200 https://registry.npmjs.org/escalade 5ms (cache hit)
npm http fetch GET 200 https://registry.npmjs.org/@img%2fsharp-darwin-arm64 48ms (cache hit)
npm http fetch GET 200 https://registry.npmjs.org/@img%2fcolour 61ms (cache hit)
npm http fetch GET 200 https://registry.npmjs.org/@img%2fsharp-darwin-x64 60ms (cache hit)
npm http fetch GET 200 https://registry.npmjs.org/semver 79ms (cache hit)
npm http fetch GET 200 https://registry.npmjs.org/@img%2fsharp-libvips-darwin-x64 116ms (cache hit)
npm http fetch GET 200 https://registry.npmjs.org/@img%2fsharp-libvips-linux-arm 107ms (cache hit)
npm http fetch GET 200 https://registry.npmjs.org/@img%2fsharp-libvips-darwin-arm64 127ms (cache hit)
npm http fetch GET 200 https://registry.npmjs.org/@img%2fsharp-libvips-linux-arm64 93ms (cache hit)
npm http fetch GET 200 https://registry.npmjs.org/@img%2fsharp-libvips-linux-ppc64 12ms (cache hit)
npm http fetch GET 200 https://registry.npmjs.org/@img%2fsharp-libvips-linux-riscv64 12ms (cache hit)
npm http fetch GET 200 https://registry.npmjs.org/@img%2fsharp-libvips-linux-s390x 12ms (cache hit)
npm http fetch GET 200 https://registry.npmjs.org/@img%2fsharp-libvips-linux-x64 12ms (cache hit)
npm http fetch GET 200 https://registry.npmjs.org/@img%2fsharp-libvips-linuxmusl-arm64 58ms (cache hit)
npm http fetch GET 200 https://registry.npmjs.org/@img%2fsharp-linux-arm 185ms (cache hit)
npm http fetch GET 200 https://registry.npmjs.org/@img%2fsharp-libvips-linuxmusl-x64 198ms (cache hit)
npm http fetch GET 200 https://registry.npmjs.org/@img%2fsharp-linux-arm64 196ms (cache hit)
npm http fetch GET 200 https://registry.npmjs.org/@img%2fsharp-linux-ppc64 139ms (cache hit)
npm http fetch GET 200 https://registry.npmjs.org/@img%2fsharp-linux-riscv64 18ms (cache hit)
npm http fetch GET 200 https://registry.npmjs.org/@img%2fsharp-linux-s390x 16ms (cache hit)
npm http fetch GET 200 https://registry.npmjs.org/@img%2fsharp-linux-x64 17ms (cache hit)
npm http fetch GET 200 https://registry.npmjs.org/@img%2fsharp-linuxmusl-arm64 10ms (cache hit)
npm http fetch GET 200 https://registry.npmjs.org/@img%2fsharp-wasm32 14ms (cache hit)
npm http fetch GET 200 https://registry.npmjs.org/@img%2fsharp-linuxmusl-x64 19ms (cache hit)
npm http fetch GET 200 https://registry.npmjs.org/@img%2fsharp-win32-arm64 103ms (cache hit)
npm http fetch GET 200 https://registry.npmjs.org/@img%2fsharp-win32-ia32 126ms (cache hit)
npm http fetch GET 200 https://registry.npmjs.org/@img%2fsharp-win32-x64 123ms (cache hit)
npm http fetch GET 200 https://registry.npmjs.org/client-only 125ms (cache hit)
npm http fetch GET 200 https://registry.npmjs.org/split2 18ms (cache hit)
npm http fetch GET 200 https://registry.npmjs.org/end-of-stream 23ms (cache hit)
npm http fetch GET 200 https://registry.npmjs.org/atomic-sleep 23ms (cache hit)
npm http fetch GET 200 https://registry.npmjs.org/once 25ms (cache hit)
npm http fetch GET 200 https://registry.npmjs.org/wrappy 5ms (cache hit)
npm http fetch GET 200 https://registry.npmjs.org/js-tokens 151ms (cache hit)
npm http fetch GET 200 https://registry.npmjs.org/get-nonce 16ms (cache hit)
npm http fetch GET 200 https://registry.npmjs.org/detect-node-es 14ms (cache hit)
npm http fetch GET 200 https://registry.npmjs.org/decimal.js-light 15ms (cache hit)
npm http fetch GET 200 https://registry.npmjs.org/fast-equals 30ms (cache hit)
npm http fetch GET 200 https://registry.npmjs.org/prop-types 42ms (cache hit)
npm http fetch GET 200 https://registry.npmjs.org/react-transition-group 45ms (cache hit)
npm http fetch GET 200 https://registry.npmjs.org/d3-time 172ms (cache hit)
npm http fetch GET 200 https://registry.npmjs.org/d3-array 197ms (cache hit)
npm http fetch GET 200 https://registry.npmjs.org/d3-ease 236ms (cache hit)
npm http fetch GET 200 https://registry.npmjs.org/d3-scale 218ms (cache hit)
npm http fetch GET 200 https://registry.npmjs.org/@types%2fd3-ease 47ms (cache hit)
npm http fetch GET 200 https://registry.npmjs.org/d3-shape 74ms (cache hit)
npm http fetch GET 200 https://registry.npmjs.org/d3-timer 62ms (cache hit)
npm http fetch GET 200 https://registry.npmjs.org/@types%2fd3-time 41ms (cache hit)
npm http fetch GET 200 https://registry.npmjs.org/d3-interpolate 138ms (cache hit)
npm http fetch GET 200 https://registry.npmjs.org/@types%2fd3-array 179ms (cache hit)
npm http fetch GET 200 https://registry.npmjs.org/@types%2fd3-shape 187ms (cache hit)
npm http fetch GET 200 https://registry.npmjs.org/@types%2fd3-scale 192ms (cache hit)
npm http fetch GET 200 https://registry.npmjs.org/@types%2fd3-interpolate 31ms (cache hit)
npm http fetch GET 200 https://registry.npmjs.org/@types%2fd3-timer 51ms (cache hit)
npm http fetch GET 200 https://registry.npmjs.org/dom-helpers 53ms (cache hit)
npm http fetch GET 200 https://registry.npmjs.org/react-is 120ms (cache hit)
npm http fetch GET 200 https://registry.npmjs.org/object-assign 508ms (cache hit)
npm http fetch GET 200 https://registry.npmjs.org/@emnapi%2fruntime 12ms (cache hit)
npm http fetch GET 200 https://registry.npmjs.org/@emotion%2fserialize 9ms (cache hit)
npm http fetch GET 200 https://registry.npmjs.org/@emotion%2fcache 22ms (cache hit)
npm http fetch GET 200 https://registry.npmjs.org/preact 44ms (cache hit)
npm http fetch GET 200 https://registry.npmjs.org/@emotion%2fbabel-plugin 183ms (cache hit)
npm http fetch GET 200 https://registry.npmjs.org/@emotion%2fuse-insertion-effect-with-fallbacks 183ms (cache hit)
npm http fetch GET 200 https://registry.npmjs.org/@emotion%2futils 181ms (cache hit)
npm http fetch GET 200 https://registry.npmjs.org/@emotion%2fweak-memoize 121ms (cache hit)
npm http fetch GET 200 https://registry.npmjs.org/hoist-non-react-statics 131ms (cache hit)
npm http fetch GET 200 https://registry.npmjs.org/@emotion%2fis-prop-valid 140ms (cache hit)
npm http fetch GET 200 https://registry.npmjs.org/@hey-api%2fclient-fetch 150ms (cache hit)
npm http fetch GET 200 https://registry.npmjs.org/events 88ms (cache hit)
npm http fetch GET 200 https://registry.npmjs.org/@walletconnect%2fcore 91ms (cache hit)
npm http fetch GET 200 https://registry.npmjs.org/@walletconnect%2fevents 37ms (cache hit)
npm http fetch GET 200 https://registry.npmjs.org/@walletconnect%2ftime 143ms (cache hit)
npm http fetch GET 200 https://registry.npmjs.org/@walletconnect%2futils 128ms (cache hit)
npm http fetch GET 200 https://registry.npmjs.org/@walletconnect%2ftypes 261ms (cache hit)
npm http fetch GET 200 https://registry.npmjs.org/@walletconnect%2flogger 296ms (cache hit)
npm http fetch GET 200 https://registry.npmjs.org/@walletconnect%2fheartbeat 308ms (cache hit)
npm http fetch GET 200 https://registry.npmjs.org/@walletconnect%2fjsonrpc-utils 193ms (cache hit)
npm http fetch GET 200 https://registry.npmjs.org/@walletconnect%2fkeyvaluestorage 18ms (cache hit)
npm http fetch GET 200 https://registry.npmjs.org/@walletconnect%2fjsonrpc-types 57ms (cache hit)
npm http fetch GET 200 https://registry.npmjs.org/@walletconnect%2fjsonrpc-utils 47ms (cache hit)
npm http fetch GET 200 https://registry.npmjs.org/which 9ms (cache hit)
npm http fetch GET 200 https://registry.npmjs.org/@walletconnect%2fjsonrpc-http-connection 24ms (cache hit)
npm http fetch GET 200 https://registry.npmjs.org/es-toolkit 205ms (cache hit)
npm http fetch GET 200 https://registry.npmjs.org/@walletconnect%2fjsonrpc-provider 328ms (cache hit)
npm http fetch GET 200 https://registry.npmjs.org/path-key 322ms (cache hit)
npm http fetch GET 200 https://registry.npmjs.org/shebang-command 324ms (cache hit)
npm http fetch GET 200 https://registry.npmjs.org/is-wsl 36ms (cache hit)
npm http fetch GET 200 https://registry.npmjs.org/default-browser 34ms (cache hit)
npm http fetch GET 200 https://registry.npmjs.org/is-inside-container 36ms (cache hit)
npm http fetch GET 200 https://registry.npmjs.org/define-lazy-prop 57ms (cache hit)
npm http fetch GET 200 https://registry.npmjs.org/cli-cursor 77ms (cache hit)
npm http fetch GET 200 https://registry.npmjs.org/chalk 89ms (cache hit)
npm http fetch GET 200 https://registry.npmjs.org/cli-spinners 29ms (cache hit)
npm http fetch GET 200 https://registry.npmjs.org/log-symbols 70ms (cache hit)
npm http fetch GET 200 https://registry.npmjs.org/strip-ansi 80ms (cache hit)
npm http fetch GET 200 https://registry.npmjs.org/string-width 28ms (cache hit)
npm http fetch GET 200 https://registry.npmjs.org/stdin-discarder 43ms (cache hit)
npm http fetch GET 200 https://registry.npmjs.org/is-interactive 51ms (cache hit)
npm http fetch GET 200 https://registry.npmjs.org/kleur 40ms (cache hit)
npm http fetch GET 200 https://registry.npmjs.org/is-unicode-supported 52ms (cache hit)
npm http fetch GET 200 https://registry.npmjs.org/sisteransi 28ms (cache hit)
npm http fetch GET 200 https://registry.npmjs.org/yargs 33ms (cache hit)
npm http fetch GET 200 https://registry.npmjs.org/pngjs 94ms (cache hit)
npm http fetch GET 200 https://registry.npmjs.org/dijkstrajs 106ms (cache hit)
npm http fetch GET 200 https://registry.npmjs.org/encode-utf8 101ms (cache hit)
npm http fetch GET 200 https://registry.npmjs.org/@solana-program%2ftoken 17ms (cache hit)
npm http fetch GET 200 https://registry.npmjs.org/@solana%2fkit 31ms (cache hit)
npm http fetch GET 200 https://registry.npmjs.org/@scure%2fbase 171ms (cache hit)
npm http fetch GET 200 https://registry.npmjs.org/@solana-program%2ftoken-2022 146ms (cache hit)
npm http fetch GET 200 https://registry.npmjs.org/@solana-program%2fcompute-budget 172ms (cache hit)
npm http fetch GET 200 https://registry.npmjs.org/@solana%2ftransaction-confirmation 105ms (cache hit)
npm http fetch GET 200 https://registry.npmjs.org/@emotion%2fmemoize 20ms (cache hit)
npm http fetch GET 200 https://registry.npmjs.org/@babel%2fhelper-module-imports 63ms (cache hit)
npm http fetch GET 200 https://registry.npmjs.org/convert-source-map 26ms (cache hit)
npm http fetch GET 200 https://registry.npmjs.org/babel-plugin-macros 37ms (cache hit)
npm http fetch GET 200 https://registry.npmjs.org/escape-string-regexp 80ms (cache hit)
npm http fetch GET 200 https://registry.npmjs.org/stylis 83ms (cache hit)
npm http fetch GET 200 https://registry.npmjs.org/source-map 123ms (cache hit)
npm http fetch GET 200 https://registry.npmjs.org/find-root 143ms (cache hit)
npm http fetch GET 200 https://registry.npmjs.org/@emotion%2funitless 33ms (cache hit)
npm http fetch GET 200 https://registry.npmjs.org/@emotion%2fsheet 82ms (cache hit)
npm http fetch GET 200 https://registry.npmjs.org/react-is 52ms (cache hit)
npm http fetch GET 200 https://registry.npmjs.org/@babel%2ftypes 24ms (cache hit)
npm http fetch GET 200 https://registry.npmjs.org/cosmiconfig 71ms (cache hit)
npm http fetch GET 200 https://registry.npmjs.org/resolve 110ms (cache hit)
npm http fetch GET 200 https://registry.npmjs.org/@babel%2ftraverse 119ms (cache hit)
npm http fetch GET 200 https://registry.npmjs.org/@babel%2fhelper-globals 30ms (cache hit)
npm http fetch GET 200 https://registry.npmjs.org/@babel%2fgenerator 52ms (cache hit)
npm http fetch GET 200 https://registry.npmjs.org/@babel%2fparser 65ms (cache hit)
npm http fetch GET 200 https://registry.npmjs.org/@babel%2fcode-frame 128ms (cache hit)
npm http fetch GET 200 https://registry.npmjs.org/@babel%2fhelper-validator-identifier 30ms (cache hit)
npm http fetch GET 200 https://registry.npmjs.org/@babel%2ftemplate 150ms (cache hit)
npm http fetch GET 200 https://registry.npmjs.org/@babel%2fhelper-string-parser 108ms (cache hit)
npm http fetch GET 200 https://registry.npmjs.org/debug 163ms (cache hit)
npm http fetch GET 200 https://registry.npmjs.org/jsesc 61ms (cache hit)
npm http fetch GET 200 https://registry.npmjs.org/ms 65ms (cache hit)
npm http fetch GET 200 https://registry.npmjs.org/@walletconnect%2fsafe-json 53ms (cache hit)
npm http fetch GET 200 https://registry.npmjs.org/@walletconnect%2frelay-api 73ms (cache hit)
npm http fetch GET 200 https://registry.npmjs.org/uint8arrays 94ms (cache hit)
npm http fetch GET 200 https://registry.npmjs.org/@walletconnect%2frelay-auth 174ms (cache hit)
npm http fetch GET 200 https://registry.npmjs.org/keyvaluestorage-interface 93ms (cache hit)
npm http fetch GET 200 https://registry.npmjs.org/@walletconnect%2fjsonrpc-ws-connection 128ms (cache hit)
npm http fetch GET 200 https://registry.npmjs.org/@walletconnect%2fwindow-getters 150ms (cache hit)
npm http fetch GET 200 https://registry.npmjs.org/@walletconnect%2fenvironment 22ms (cache hit)
npm http fetch GET 200 https://registry.npmjs.org/bs58 9ms (cache hit)
npm http fetch GET 200 https://registry.npmjs.org/blakejs 10ms (cache hit)
npm http fetch GET 200 https://registry.npmjs.org/pino 41ms (cache hit)
npm http fetch GET 200 https://registry.npmjs.org/@noble%2fciphers 187ms (cache hit)
npm http fetch GET 200 https://registry.npmjs.org/detect-browser 112ms (cache hit)
npm http fetch GET 200 https://registry.npmjs.org/query-string 314ms (cache hit)
npm http fetch GET 200 https://registry.npmjs.org/@walletconnect%2fwindow-metadata 39ms (cache hit)
npm http fetch GET 200 https://registry.npmjs.org/@msgpack%2fmsgpack 161ms (cache hit)
npm http fetch GET 200 https://registry.npmjs.org/viem 496ms (cache hit)
npm http fetch GET 200 https://registry.npmjs.org/idb-keyval 38ms (cache hit)
npm http fetch GET 200 https://registry.npmjs.org/multiformats 52ms (cache hit)
npm http fetch GET 200 https://registry.npmjs.org/unstorage 115ms (cache hit)
npm http fetch GET 200 https://registry.npmjs.org/destr 40ms (cache hit)
npm http fetch GET 200 https://registry.npmjs.org/chokidar 68ms (cache hit)
npm http fetch GET 200 https://registry.npmjs.org/node-fetch-native 176ms (cache hit)
npm http fetch GET 200 https://registry.npmjs.org/anymatch 267ms (cache miss)
npm http fetch GET 200 https://registry.npmjs.org/ufo 218ms (cache miss)
npm http fetch GET 200 https://registry.npmjs.org/ofetch 377ms (cache miss)
npm http fetch GET 200 https://registry.npmjs.org/h3 574ms (cache miss)
npm http fetch GET 200 https://registry.npmjs.org/process-warning 10ms (cache hit)
npm http fetch GET 200 https://registry.npmjs.org/fast-redact 36ms (cache hit)
npm http fetch GET 200 https://registry.npmjs.org/safe-stable-stringify 44ms (cache hit)
npm http fetch GET 200 https://registry.npmjs.org/pino-std-serializers 49ms (cache hit)
npm http fetch GET 200 https://registry.npmjs.org/quick-format-unescaped 54ms (cache hit)
npm http fetch GET 200 https://registry.npmjs.org/cross-fetch 14ms (cache hit)
npm http fetch GET 200 https://registry.npmjs.org/node-fetch 15ms (cache hit)
npm http fetch GET 200 https://registry.npmjs.org/base-x 76ms (cache hit)
npm http fetch GET 200 https://registry.npmjs.org/filter-obj 91ms (cache hit)
npm http fetch GET 200 https://registry.npmjs.org/strict-uri-encode 86ms (cache hit)
npm http fetch GET 200 https://registry.npmjs.org/split-on-first 94ms (cache hit)
npm http fetch GET 200 https://registry.npmjs.org/decode-uri-component 41ms (cache hit)
npm http fetch GET 200 https://registry.npmjs.org/ox 77ms (cache hit)
npm http fetch GET 200 https://registry.npmjs.org/@types%2fparse-json 96ms (cache hit)
npm http fetch GET 200 https://registry.npmjs.org/path-type 100ms (cache hit)
npm http fetch GET 200 https://registry.npmjs.org/import-fresh 106ms (cache hit)
npm http fetch GET 200 https://registry.npmjs.org/parse-json 110ms (cache hit)
npm http fetch GET 200 https://registry.npmjs.org/yaml 33ms (cache hit)
npm http fetch GET 200 https://registry.npmjs.org/is-core-module 51ms (cache hit)
npm http fetch GET 200 https://registry.npmjs.org/supports-preserve-symlinks-flag 39ms (cache hit)
npm http fetch GET 200 https://registry.npmjs.org/path-parse 48ms (cache hit)
npm http fetch GET 200 https://registry.npmjs.org/parent-module 12ms (cache hit)
npm http fetch GET 200 https://registry.npmjs.org/error-ex 19ms (cache hit)
npm http fetch GET 200 https://registry.npmjs.org/resolve-from 24ms (cache hit)
npm http fetch GET 200 https://registry.npmjs.org/lines-and-columns 27ms (cache hit)
npm http fetch GET 200 https://registry.npmjs.org/json-parse-even-better-errors 45ms (cache hit)
npm http fetch GET 200 https://registry.npmjs.org/whatwg-url 72ms (cache hit)
npm http fetch GET 200 https://registry.npmjs.org/isexe 24ms (cache hit)
npm http fetch GET 200 https://registry.npmjs.org/shebang-regex 29ms (cache hit)
npm http fetch GET 200 https://registry.npmjs.org/callsites 4ms (cache hit)
npm http fetch GET 200 https://registry.npmjs.org/tr46 4ms (cache hit)
npm http fetch GET 200 https://registry.npmjs.org/webidl-conversions 8ms (cache hit)
npm http fetch GET 200 https://registry.npmjs.org/bundle-name 118ms (cache hit)
npm http fetch GET 200 https://registry.npmjs.org/is-docker 132ms (cache hit)
npm http fetch GET 200 https://registry.npmjs.org/default-browser-id 137ms (cache hit)
npm http fetch GET 200 https://registry.npmjs.org/run-applescript 3ms (cache hit)
npm http fetch GET 200 https://registry.npmjs.org/get-east-asian-width 20ms (cache hit)
npm http fetch GET 200 https://registry.npmjs.org/emoji-regex 24ms (cache hit)
npm http fetch GET 200 https://registry.npmjs.org/ansi-regex 28ms (cache hit)
npm http fetch GET 200 https://registry.npmjs.org/restore-cursor 34ms (cache hit)
npm http fetch GET 200 https://registry.npmjs.org/onetime 4ms (cache hit)
npm http fetch GET 200 https://registry.npmjs.org/signal-exit 6ms (cache hit)
npm http fetch GET 200 https://registry.npmjs.org/is-arrayish 94ms (cache hit)
npm http fetch GET 200 https://registry.npmjs.org/duplexify 6ms (cache hit)
npm http fetch GET 200 https://registry.npmjs.org/y18n 18ms (cache hit)
npm http fetch GET 200 https://registry.npmjs.org/decamelize 21ms (cache hit)
npm http fetch GET 200 https://registry.npmjs.org/find-up 31ms (cache hit)
npm http fetch GET 200 https://registry.npmjs.org/cliui 38ms (cache hit)
npm http fetch GET 200 https://registry.npmjs.org/set-blocking 76ms (cache hit)
npm http fetch GET 200 https://registry.npmjs.org/get-caller-file 68ms (cache hit)
npm http fetch GET 200 https://registry.npmjs.org/yargs-parser 90ms (cache hit)
npm http fetch GET 200 https://registry.npmjs.org/which-module 146ms (cache hit)
npm http fetch GET 200 https://registry.npmjs.org/require-directory 95ms (cache hit)
npm http fetch GET 200 https://registry.npmjs.org/require-main-filename 82ms (cache hit)
npm http fetch GET 200 https://registry.npmjs.org/hasown 3ms (cache hit)
npm http fetch GET 200 https://registry.npmjs.org/function-bind 3ms (cache hit)
npm http fetch GET 200 https://registry.npmjs.org/mimic-function 10ms (cache hit)
npm http fetch GET 200 https://registry.npmjs.org/readdirp 93ms (cache hit)
npm http fetch GET 200 https://registry.npmjs.org/defu 148ms (cache hit)
npm http fetch GET 200 https://registry.npmjs.org/normalize-path 194ms (cache miss)
npm http fetch GET 200 https://registry.npmjs.org/picomatch 205ms (cache miss)
npm http fetch GET 200 https://registry.npmjs.org/uncrypto 12ms (cache hit)
npm http fetch GET 200 https://registry.npmjs.org/radix3 389ms (cache miss)
npm http fetch GET 200 https://registry.npmjs.org/cookie-es 330ms (cache miss)
npm http fetch GET 200 https://registry.npmjs.org/crossws 372ms (cache miss)
npm http fetch GET 200 https://registry.npmjs.org/iron-webcrypto 610ms (cache miss)
npm http fetch GET 200 https://registry.npmjs.org/node-mock-http 347ms (cache miss)
npm http fetch GET 200 https://registry.npmjs.org/@types%2fd3-color 13ms (cache hit)
npm http fetch GET 200 https://registry.npmjs.org/d3-color 11ms (cache hit)
npm http fetch GET 200 https://registry.npmjs.org/internmap 19ms (cache hit)
npm http fetch GET 200 https://registry.npmjs.org/@types%2fd3-path 21ms (cache hit)
npm http fetch GET 200 https://registry.npmjs.org/d3-path 54ms (cache hit)
npm http fetch GET 200 https://registry.npmjs.org/d3-time-format 66ms (cache hit)
npm http fetch GET 200 https://registry.npmjs.org/d3-format 83ms (cache hit)
npm http fetch GET 200 https://registry.npmjs.org/porto 45ms (cache hit)
npm http fetch GET 200 https://registry.npmjs.org/@metamask%2fsdk 71ms (cache hit)
npm http fetch GET 200 https://registry.npmjs.org/@base-org%2faccount 86ms (cache hit)
npm http fetch GET 200 https://registry.npmjs.org/@gemini-wallet%2fcore 83ms (cache hit)
npm http fetch GET 200 https://registry.npmjs.org/@safe-global%2fsafe-apps-provider 71ms (cache hit)
npm http fetch GET 200 https://registry.npmjs.org/@safe-global%2fsafe-apps-sdk 95ms (cache hit)
npm http fetch GET 200 https://registry.npmjs.org/@walletconnect%2fethereum-provider 85ms (cache hit)
npm http fetch GET 200 https://registry.npmjs.org/@coinbase%2fcdp-sdk 79ms (cache hit)
npm http fetch GET 200 https://registry.npmjs.org/preact 117ms (cache hit)
npm http fetch GET 200 https://registry.npmjs.org/ox 246ms (cache hit)
npm http fetch GET 200 https://registry.npmjs.org/ox 379ms (cache hit)
npm http fetch GET 200 https://registry.npmjs.org/util 261ms (cache hit)
npm http fetch GET 200 https://registry.npmjs.org/preact 535ms (cache hit)
npm http fetch GET 200 https://registry.npmjs.org/uuid 117ms (cache hit)
npm http fetch GET 200 https://registry.npmjs.org/@metamask%2frpc-errors 539ms (cache hit)
npm http fetch GET 200 https://registry.npmjs.org/eciesjs 256ms (cache hit)
npm http fetch GET 200 https://registry.npmjs.org/eventemitter2 164ms (cache hit)
npm http fetch GET 200 https://registry.npmjs.org/obj-multiplex 154ms (cache hit)
npm http fetch GET 200 https://registry.npmjs.org/@paulmillr%2fqr 224ms (cache hit)
npm http fetch GET 200 https://registry.npmjs.org/eth-rpc-errors 27ms (cache hit)
npm http fetch GET 200 https://registry.npmjs.org/readable-stream 19ms (cache hit)
npm http fetch GET 200 https://registry.npmjs.org/socket.io-client 27ms (cache hit)
npm http fetch GET 200 https://registry.npmjs.org/@metamask%2fproviders 42ms (cache hit)
npm http fetch GET 200 https://registry.npmjs.org/@metamask%2fsdk-install-modal-web 98ms (cache hit)
npm http fetch GET 200 https://registry.npmjs.org/@metamask%2fonboarding 163ms (cache hit)
npm http fetch GET 200 https://registry.npmjs.org/@metamask%2fsdk-analytics 160ms (cache hit)
npm http fetch GET 200 https://registry.npmjs.org/@metamask%2fsdk-communication-layer 145ms (cache hit)
npm http fetch GET 200 https://registry.npmjs.org/@safe-global%2fsafe-gateway-typescript-sdk 40ms (cache hit)
npm http fetch GET 200 https://registry.npmjs.org/@walletconnect%2ftypes 62ms (cache hit)
npm http fetch GET 200 https://registry.npmjs.org/@reown%2fappkit 288ms (cache hit)
npm http fetch GET 200 https://registry.npmjs.org/@walletconnect%2futils 481ms (cache hit)
npm http fetch GET 200 https://registry.npmjs.org/bn.js 223ms (cache hit)
npm http fetch GET 200 https://registry.npmjs.org/@walletconnect%2fsign-client 698ms (cache hit)
npm http fetch GET 200 https://registry.npmjs.org/@walletconnect%2funiversal-provider 684ms (cache hit)
npm http fetch GET 200 https://registry.npmjs.org/buffer 314ms (cache hit)
npm http fetch GET 200 https://registry.npmjs.org/sha.js 100ms (cache hit)
npm http fetch GET 200 https://registry.npmjs.org/keccak 217ms (cache hit)
npm http fetch GET 200 https://registry.npmjs.org/eth-block-tracker 115ms (cache hit)
npm http fetch GET 200 https://registry.npmjs.org/eth-json-rpc-filters 140ms (cache hit)
npm http fetch GET 200 https://registry.npmjs.org/zod 183ms (cache hit)
npm http fetch GET 200 https://registry.npmjs.org/hono 415ms (cache hit)
npm http fetch GET 200 https://registry.npmjs.org/ox 691ms (cache hit)
npm http fetch GET 200 https://registry.npmjs.org/axios 345ms (cache hit)
npm http fetch GET 200 https://registry.npmjs.org/@solana%2fkit 613ms (cache hit)
npm http fetch GET 200 https://registry.npmjs.org/@solana-program%2fsystem 670ms (cache hit)
npm http fetch GET 200 https://registry.npmjs.org/@solana%2fweb3.js 677ms (cache hit)
npm http fetch GET 200 https://registry.npmjs.org/md5 409ms (cache hit)
npm http fetch GET 200 https://registry.npmjs.org/jose 431ms (cache hit)
npm http fetch GET 200 https://registry.npmjs.org/axios-retry 523ms (cache hit)
npm http fetch GET 200 https://registry.npmjs.org/@solana%2fcodecs 55ms (cache hit)
npm http fetch GET 200 https://registry.npmjs.org/@solana%2frpc 360ms (cache hit)
npm http fetch GET 200 https://registry.npmjs.org/@solana%2ferrors 616ms (cache hit)
npm http fetch GET 200 https://registry.npmjs.org/@solana%2fkeys 1206ms (cache hit)
npm http fetch GET 200 https://registry.npmjs.org/@solana%2fsigners 1246ms (cache hit)
npm http fetch GET 200 https://registry.npmjs.org/@solana%2fsysvars 1322ms (cache hit)
npm http fetch GET 200 https://registry.npmjs.org/@solana%2faccounts 851ms (cache hit)
npm http fetch GET 200 https://registry.npmjs.org/@solana%2faddresses 904ms (cache hit)
npm http fetch GET 200 https://registry.npmjs.org/@solana%2fprograms 1433ms (cache hit)
npm http fetch GET 200 https://registry.npmjs.org/@solana%2ftransactions 98ms (cache hit)
npm http fetch GET 200 https://registry.npmjs.org/@solana%2finstructions 778ms (cache hit)
npm http fetch GET 200 https://registry.npmjs.org/@solana%2ffunctional 1630ms (cache hit)
npm http fetch GET 200 https://registry.npmjs.org/@solana%2frpc-types 2447ms (cache hit)
npm http fetch GET 200 https://registry.npmjs.org/@solana%2finstruction-plans 358ms (cache hit)
npm http fetch GET 200 https://registry.npmjs.org/@solana%2frpc-subscriptions 78ms (cache hit)
npm http fetch GET 200 https://registry.npmjs.org/@solana%2frpc-spec-types 1536ms (cache hit)
npm http fetch GET 200 https://registry.npmjs.org/@solana%2frpc-parsed-types 1081ms (cache hit)
npm http fetch GET 200 https://registry.npmjs.org/@solana%2ftransaction-messages 983ms (cache hit)
npm http fetch GET 200 https://registry.npmjs.org/jayson 509ms (cache hit)
npm http fetch GET 200 https://registry.npmjs.org/borsh 864ms (cache hit)
npm http fetch GET 200 https://registry.npmjs.org/@solana%2ftransaction-confirmation 1029ms (cache hit)
npm http fetch GET 200 https://registry.npmjs.org/@solana%2fbuffer-layout 35ms (cache hit)
npm http fetch GET 200 https://registry.npmjs.org/superstruct 299ms (cache hit)
npm http fetch GET 200 https://registry.npmjs.org/rpc-websockets 360ms (cache hit)
npm http fetch GET 200 https://registry.npmjs.org/agentkeepalive 391ms (cache hit)
npm http fetch GET 200 https://registry.npmjs.org/form-data 52ms (cache hit)
npm http fetch GET 200 https://registry.npmjs.org/fast-stable-stringify 242ms (cache hit)
npm http fetch GET 200 https://registry.npmjs.org/follow-redirects 121ms (cache hit)
npm http fetch GET 200 https://registry.npmjs.org/@solana%2fcodecs-numbers 216ms (cache hit)
npm http fetch GET 200 https://registry.npmjs.org/proxy-from-env 355ms (cache hit)
npm http fetch GET 200 https://registry.npmjs.org/crypt 301ms (cache hit)
npm http fetch GET 200 https://registry.npmjs.org/is-retry-allowed 343ms (cache hit)
npm http fetch GET 200 https://registry.npmjs.org/charenc 17ms (cache hit)
npm http fetch GET 200 https://registry.npmjs.org/is-buffer 10ms (cache hit)
npm http fetch GET 200 https://registry.npmjs.org/@metamask%2futils 22ms (cache hit)
npm http fetch GET 200 https://registry.npmjs.org/@types%2flodash 21ms (cache hit)
npm http fetch GET 200 https://registry.npmjs.org/@ethereumjs%2ftx 68ms (cache hit)
npm http fetch GET 200 https://registry.npmjs.org/@types%2fdebug 87ms (cache hit)
npm http fetch GET 200 https://registry.npmjs.org/@metamask%2fsuperstruct 90ms (cache hit)
npm http fetch GET 200 https://registry.npmjs.org/pony-cause 34ms (cache hit)
npm http fetch GET 200 https://registry.npmjs.org/is-stream 76ms (cache hit)
npm http fetch GET 200 https://registry.npmjs.org/extension-port-stream 76ms (cache hit)
npm http fetch GET 200 https://registry.npmjs.org/webextension-polyfill 47ms (cache hit)
npm http fetch GET 200 https://registry.npmjs.org/fast-deep-equal 98ms (cache hit)
npm http fetch GET 200 https://registry.npmjs.org/@metamask%2fjson-rpc-engine 33ms (cache hit)
npm http fetch GET 200 https://registry.npmjs.org/@metamask%2fobject-multiplex 31ms (cache hit)
npm http fetch GET 200 https://registry.npmjs.org/@metamask%2fsafe-event-emitter 64ms (cache hit)
npm http fetch GET 200 https://registry.npmjs.org/@metamask%2fjson-rpc-middleware-stream 76ms (cache hit)
npm http fetch GET 200 https://registry.npmjs.org/openapi-fetch 94ms (cache hit)
npm http fetch GET 200 https://registry.npmjs.org/bufferutil 130ms (cache hit)
npm http fetch GET 200 https://registry.npmjs.org/utf-8-validate 127ms (cache hit)
npm http fetch GET 200 https://registry.npmjs.org/@ecies%2fciphers 39ms (cache hit)
npm http fetch GET 200 https://registry.npmjs.org/inherits 32ms (cache hit)
npm http fetch GET 200 https://registry.npmjs.org/string_decoder 35ms (cache hit)
npm http fetch GET 200 https://registry.npmjs.org/date-fns 235ms (cache revalidated)
npm http fetch GET 200 https://registry.npmjs.org/util-deprecate 269ms (cache hit)
npm http fetch GET 200 https://registry.npmjs.org/socket.io-parser 16ms (cache hit)
npm http fetch GET 200 https://registry.npmjs.org/engine.io-client 268ms (cache hit)
npm http fetch GET 200 https://registry.npmjs.org/@socket.io%2fcomponent-emitter 411ms (cache hit)
npm http fetch GET 200 https://registry.npmjs.org/is-arguments 182ms (cache hit)
npm http fetch GET 200 https://registry.npmjs.org/which-typed-array 35ms (cache hit)
npm http fetch GET 200 https://registry.npmjs.org/is-generator-function 191ms (cache hit)
npm http fetch GET 200 https://registry.npmjs.org/is-typed-array 143ms (cache hit)
npm http fetch GET 200 https://registry.npmjs.org/openapi-typescript-helpers 5ms (cache hit)
npm http fetch GET 200 https://registry.npmjs.org/node-gyp-build 130ms (cache hit)
npm http fetch GET 200 https://registry.npmjs.org/node-gyp-build 150ms (cache hit)
npm http fetch GET 200 https://registry.npmjs.org/@ethereumjs%2frlp 22ms (cache hit)
npm http fetch GET 200 https://registry.npmjs.org/ethereum-cryptography 20ms (cache hit)
npm http fetch GET 200 https://registry.npmjs.org/@ethereumjs%2futil 28ms (cache hit)
npm http fetch GET 200 https://registry.npmjs.org/@ethereumjs%2fcommon 33ms (cache hit)
npm http fetch GET 200 https://registry.npmjs.org/@types%2fms 21ms (cache hit)
npm http fetch GET 200 https://registry.npmjs.org/micro-ftch 19ms (cache hit)
npm http fetch GET 200 https://registry.npmjs.org/crc-32 31ms (cache hit)
npm http fetch GET 200 https://registry.npmjs.org/@solana%2frpc-spec 59ms (cache hit)
npm http fetch GET 200 https://registry.npmjs.org/@solana%2fassertions 428ms (cache hit)
npm http fetch GET 200 https://registry.npmjs.org/@solana%2fcodecs-strings 661ms (cache hit)
npm http fetch GET 200 https://registry.npmjs.org/@solana%2fcodecs-core 1306ms (cache hit)
npm http fetch GET 200 https://registry.npmjs.org/@solana%2foptions 382ms (cache hit)
npm http fetch GET 200 https://registry.npmjs.org/@solana%2fcodecs-core 1550ms (cache hit)
npm http fetch GET 200 https://registry.npmjs.org/@solana%2fnominal-types 1519ms (cache hit)
npm http fetch GET 200 https://registry.npmjs.org/@solana%2fcodecs-numbers 703ms (cache hit)
npm http fetch GET 200 https://registry.npmjs.org/commander 432ms (cache hit)
npm http fetch GET 200 https://registry.npmjs.org/@solana%2fpromises 566ms (cache hit)
npm http fetch GET 200 https://registry.npmjs.org/@solana%2fcodecs-data-structures 1303ms (cache hit)
npm http fetch GET 200 https://registry.npmjs.org/@solana%2frpc-api 853ms (cache hit)
npm http fetch GET 200 https://registry.npmjs.org/@solana%2fsubscribable 24ms (cache hit)
npm http fetch GET 200 https://registry.npmjs.org/@solana%2frpc-transport-http 615ms (cache hit)
npm http fetch GET 200 https://registry.npmjs.org/@solana%2frpc-transformers 1340ms (cache hit)
npm http fetch GET 200 https://registry.npmjs.org/@solana%2ffast-stable-stringify 959ms (cache hit)
npm http fetch GET 200 https://registry.npmjs.org/@solana%2frpc-subscriptions-api 552ms (cache hit)
npm http fetch GET 200 https://registry.npmjs.org/@solana%2ffast-stable-stringify 1455ms (cache hit)
npm http fetch GET 200 https://registry.npmjs.org/@solana%2frpc-subscriptions-spec 1065ms (cache hit)
npm http fetch GET 200 https://registry.npmjs.org/@solana%2frpc-transformers 2578ms (cache hit)
npm http fetch GET 200 https://registry.npmjs.org/@solana%2frpc-subscriptions-channel-websocket 1080ms (cache hit)
npm http fetch GET 200 https://registry.npmjs.org/humanize-ms 15ms (cache hit)
npm http fetch GET 200 https://registry.npmjs.org/@solana%2ferrors 45ms (cache hit)
npm http fetch GET 200 https://registry.npmjs.org/@solana%2fcodecs-core 273ms (cache hit)
npm http fetch GET 200 https://registry.npmjs.org/text-encoding-utf-8 608ms (cache hit)
npm http fetch GET 200 https://registry.npmjs.org/base64-js 687ms (cache hit)
npm http fetch GET 200 https://registry.npmjs.org/ieee754 471ms (cache hit)
npm http fetch GET 200 https://registry.npmjs.org/@types%2fconnect 130ms (cache hit)
npm http fetch GET 200 https://registry.npmjs.org/@types%2fnode 270ms (cache hit)
npm http fetch GET 200 https://registry.npmjs.org/delay 1233ms (cache hit)
npm http fetch GET 200 https://registry.npmjs.org/eyes 1232ms (cache hit)
npm http fetch GET 200 https://registry.npmjs.org/es6-promisify 1245ms (cache hit)
npm http fetch GET 200 https://registry.npmjs.org/json-stringify-safe 36ms (cache hit)
npm http fetch GET 200 https://registry.npmjs.org/stream-json 29ms (cache hit)
npm http fetch GET 200 https://registry.npmjs.org/@types%2fuuid 25ms (cache hit)
npm http fetch GET 200 https://registry.npmjs.org/isomorphic-ws 81ms (cache hit)
npm http fetch GET 200 https://registry.npmjs.org/valtio 94ms (cache hit)
npm http fetch GET 200 https://registry.npmjs.org/@reown%2fappkit-pay 183ms (cache hit)
npm http fetch GET 200 https://registry.npmjs.org/@reown%2fappkit-utils 316ms (cache hit)
npm http fetch GET 200 https://registry.npmjs.org/@reown%2fappkit-ui 565ms (cache hit)
npm http fetch GET 200 https://registry.npmjs.org/@reown%2fappkit-common 1221ms (cache hit)
npm http fetch GET 200 https://registry.npmjs.org/@walletconnect%2ftypes 1084ms (cache hit)
npm http fetch GET 200 https://registry.npmjs.org/@reown%2fappkit-polyfills 332ms (cache hit)
npm http fetch GET 200 https://registry.npmjs.org/@reown%2fappkit-wallet 1607ms (cache hit)
npm http fetch GET 200 https://registry.npmjs.org/@reown%2fappkit-controllers 515ms (cache hit)
npm http fetch GET 200 https://registry.npmjs.org/@reown%2fappkit-scaffold-ui 553ms (cache hit)
npm http fetch GET 200 https://registry.npmjs.org/@walletconnect%2funiversal-provider 716ms (cache hit)
npm http fetch GET 200 https://registry.npmjs.org/@walletconnect%2fcore 890ms (cache hit)
npm http fetch GET 200 https://registry.npmjs.org/es-toolkit 821ms (cache hit)
npm http fetch GET 200 https://registry.npmjs.org/viem 1324ms (cache revalidated)
npm http fetch GET 200 https://registry.npmjs.org/lit 32ms (cache hit)
npm http fetch GET 200 https://registry.npmjs.org/lit 79ms (cache hit)
npm http fetch GET 200 https://registry.npmjs.org/big.js 117ms (cache hit)
npm http fetch GET 200 https://registry.npmjs.org/dayjs 137ms (cache hit)
npm http fetch GET 200 https://registry.npmjs.org/@walletconnect%2futils 61ms (cache hit)
npm http fetch GET 200 https://registry.npmjs.org/derive-valtio 232ms (cache hit)
npm http fetch GET 200 https://registry.npmjs.org/@walletconnect%2fsign-client 274ms (cache hit)
npm http fetch GET 200 https://registry.npmjs.org/proxy-compare 194ms (cache hit)
npm http fetch GET 200 https://registry.npmjs.org/zod 425ms (cache revalidated)
npm http fetch GET 200 https://registry.npmjs.org/use-sync-external-store 467ms (cache revalidated)
npm http fetch GET 200 https://registry.npmjs.org/@lit%2freactive-element 62ms (cache hit)
npm http fetch GET 200 https://registry.npmjs.org/lit-element 113ms (cache hit)
npm http fetch GET 200 https://registry.npmjs.org/lit-html 169ms (cache hit)
npm http fetch GET 200 https://registry.npmjs.org/mime-types 16ms (cache hit)
npm http fetch GET 200 https://registry.npmjs.org/combined-stream 32ms (cache hit)
npm http fetch GET 200 https://registry.npmjs.org/asynckit 39ms (cache hit)
npm http fetch GET 200 https://registry.npmjs.org/es-set-tostringtag 38ms (cache hit)
npm http fetch GET 200 https://registry.npmjs.org/pify 65ms (cache hit)
npm http fetch GET 200 https://registry.npmjs.org/pify 73ms (cache hit)
npm http fetch GET 200 https://registry.npmjs.org/json-rpc-random-id 80ms (cache hit)
npm http fetch GET 200 https://registry.npmjs.org/@metamask%2feth-json-rpc-provider 86ms (cache hit)
npm http fetch GET 200 https://registry.npmjs.org/eth-query 49ms (cache hit)
npm http fetch GET 200 https://registry.npmjs.org/json-rpc-engine 57ms (cache hit)
npm http fetch GET 200 https://registry.npmjs.org/node-addon-api 66ms (cache hit)
npm http fetch GET 200 https://registry.npmjs.org/async-mutex 120ms (cache hit)
npm http fetch GET 200 https://registry.npmjs.org/safe-buffer 110ms (cache hit)
npm http fetch GET 200 https://registry.npmjs.org/to-buffer 87ms (cache hit)
npm http fetch GET 200 https://registry.npmjs.org/xtend 29ms (cache hit)
npm http fetch GET 200 https://registry.npmjs.org/es-errors 17ms (cache hit)
npm http fetch GET 200 https://registry.npmjs.org/has-tostringtag 22ms (cache hit)
npm http fetch GET 200 https://registry.npmjs.org/get-intrinsic 90ms (cache hit)
npm http fetch GET 200 https://registry.npmjs.org/delayed-stream 102ms (cache hit)
npm http fetch GET 200 https://registry.npmjs.org/mime-db 97ms (cache hit)
npm http fetch GET 200 https://registry.npmjs.org/gopd 8ms (cache hit)
npm http fetch GET 200 https://registry.npmjs.org/has-symbols 10ms (cache hit)
npm http fetch GET 200 https://registry.npmjs.org/get-proto 13ms (cache hit)
npm http fetch GET 200 https://registry.npmjs.org/es-object-atoms 25ms (cache hit)
npm http fetch GET 200 https://registry.npmjs.org/call-bind-apply-helpers 25ms (cache hit)
npm http fetch GET 200 https://registry.npmjs.org/es-define-property 44ms (cache hit)
npm http fetch GET 200 https://registry.npmjs.org/math-intrinsics 48ms (cache hit)
npm http fetch GET 200 https://registry.npmjs.org/dunder-proto 12ms (cache hit)
npm http fetch GET 200 https://registry.npmjs.org/stream-chain 61ms (cache hit)
npm http fetch GET 200 https://registry.npmjs.org/es6-promise 81ms (cache hit)
npm http fetch GET 200 https://registry.npmjs.org/@lit-labs%2fssr-dom-shim 8ms (cache hit)
npm http fetch GET 200 https://registry.npmjs.org/@types%2ftrusted-types 16ms (cache hit)
npm http fetch GET 200 https://registry.npmjs.org/@lit-labs%2fssr-dom-shim 19ms (cache hit)
npm http fetch GET 200 https://registry.npmjs.org/process-nextick-args 39ms (cache hit)
npm http fetch GET 200 https://registry.npmjs.org/core-util-is 54ms (cache hit)
npm http fetch GET 200 https://registry.npmjs.org/isarray 61ms (cache hit)
npm http fetch GET 200 https://registry.npmjs.org/typed-array-buffer 65ms (cache hit)
npm http fetch GET 200 https://registry.npmjs.org/xmlhttprequest-ssl 10ms (cache hit)
npm http fetch GET 200 https://registry.npmjs.org/engine.io-parser 23ms (cache hit)
npm http fetch GET 200 https://registry.npmjs.org/call-bound 18ms (cache hit)
npm http fetch GET 200 https://registry.npmjs.org/call-bind 8ms (cache hit)
npm http fetch GET 200 https://registry.npmjs.org/available-typed-arrays 16ms (cache hit)
npm http fetch GET 200 https://registry.npmjs.org/for-each 18ms (cache hit)
npm http fetch GET 200 https://registry.npmjs.org/generator-function 50ms (cache hit)
npm http fetch GET 200 https://registry.npmjs.org/safe-regex-test 67ms (cache hit)
npm http fetch GET 200 https://registry.npmjs.org/is-regex 24ms (cache hit)
npm http fetch GET 200 https://registry.npmjs.org/possible-typed-array-names 17ms (cache hit)
npm http fetch GET 200 https://registry.npmjs.org/is-callable 19ms (cache hit)
npm http fetch GET 200 https://registry.npmjs.org/set-function-length 25ms (cache hit)
npm http fetch GET 200 https://registry.npmjs.org/has-property-descriptors 9ms (cache hit)
npm http fetch GET 200 https://registry.npmjs.org/define-data-property 16ms (cache hit)
npm http fetch GET 200 https://registry.npmjs.org/@solana%2frpc 294ms (cache hit)
npm http fetch GET 200 https://registry.npmjs.org/@solana%2fcodecs 840ms (cache hit)
npm http fetch GET 200 https://registry.npmjs.org/@solana%2fsigners 1025ms (cache hit)
npm http fetch GET 200 https://registry.npmjs.org/@solana%2fkeys 1321ms (cache hit)
npm http fetch GET 200 https://registry.npmjs.org/@solana%2faccounts 766ms (cache hit)
npm http fetch GET 200 https://registry.npmjs.org/@solana%2fprograms 930ms (cache hit)
npm http fetch GET 200 https://registry.npmjs.org/@solana%2fsysvars 1662ms (cache hit)
npm http fetch GET 200 https://registry.npmjs.org/@solana%2faddresses 1416ms (cache hit)
npm http fetch GET 200 https://registry.npmjs.org/@solana%2ffunctional 1039ms (cache hit)
npm http fetch GET 200 https://registry.npmjs.org/@solana%2finstructions 645ms (cache hit)
npm http fetch GET 200 https://registry.npmjs.org/@solana%2ftransactions 736ms (cache hit)
npm http fetch GET 200 https://registry.npmjs.org/@solana%2frpc-types 2641ms (cache hit)
npm http fetch GET 200 https://registry.npmjs.org/@solana%2frpc-parsed-types 1164ms (cache hit)
npm http fetch GET 200 https://registry.npmjs.org/@solana%2frpc-spec-types 1812ms (cache hit)
npm http fetch GET 200 https://registry.npmjs.org/@solana%2frpc-subscriptions 1005ms (cache hit)
npm http fetch GET 200 https://registry.npmjs.org/@solana%2ftransaction-messages 860ms (cache hit)
npm http fetch GET 200 https://registry.npmjs.org/@solana%2fpromises 872ms (cache hit)
npm http fetch GET 200 https://registry.npmjs.org/@solana%2ftransaction-confirmation 1330ms (cache hit)
npm http fetch GET 200 https://registry.npmjs.org/@solana%2fcodecs-strings 1185ms (cache hit)
npm http fetch GET 200 https://registry.npmjs.org/path-exists 93ms (cache hit)
npm http fetch GET 200 https://registry.npmjs.org/is-fullwidth-code-point 134ms (cache hit)
npm http fetch GET 200 https://registry.npmjs.org/locate-path 145ms (cache hit)
npm http fetch GET 200 https://registry.npmjs.org/wrap-ansi 151ms (cache hit)
npm http fetch GET 200 https://registry.npmjs.org/camelcase 24ms (cache hit)
npm http fetch GET 200 https://registry.npmjs.org/ansi-styles 4ms (cache hit)
npm http fetch GET 200 https://registry.npmjs.org/p-locate 19ms (cache hit)
npm http fetch GET 200 https://registry.npmjs.org/p-limit 4ms (cache hit)
npm http fetch GET 200 https://registry.npmjs.org/p-try 6ms (cache hit)
npm http fetch GET 200 https://registry.npmjs.org/color-convert 24ms (cache hit)
npm http fetch GET 200 https://registry.npmjs.org/color-name 18ms (cache hit)
npm http fetch GET 200 https://registry.npmjs.org/@walletconnect%2fcore 36ms (cache hit)
npm http fetch GET 200 https://registry.npmjs.org/ox 50ms (cache hit)
npm http fetch GET 200 https://registry.npmjs.org/stream-shift 126ms (cache miss)
npm http fetch GET 200 https://registry.npmjs.org/@radix-ui%2freact-use-effect-event 103ms (cache miss)
npm http fetch GET 200 https://registry.npmjs.org/@solana%2fnominal-types 47ms (cache hit)
npm http fetch GET 200 https://registry.npmjs.org/@solana%2frpc-spec 141ms (cache hit)
npm http fetch GET 200 https://registry.npmjs.org/@solana%2fassertions 370ms (cache hit)
npm http fetch GET 200 https://registry.npmjs.org/@solana%2foptions 663ms (cache hit)
npm http fetch GET 200 https://registry.npmjs.org/@solana%2fcodecs-numbers 1168ms (cache hit)
npm http fetch GET 200 https://registry.npmjs.org/@solana%2frpc-api 949ms (cache hit)
npm http fetch GET 200 https://registry.npmjs.org/@solana%2fcodecs-data-structures 1602ms (cache hit)
npm http fetch GET 200 https://registry.npmjs.org/@solana%2frpc-transformers 1077ms (cache hit)
npm http fetch GET 200 https://registry.npmjs.org/@solana%2fsubscribable 397ms (cache hit)
npm http fetch GET 200 https://registry.npmjs.org/@solana%2ffast-stable-stringify 1395ms (cache hit)
npm http fetch GET 200 https://registry.npmjs.org/@solana%2frpc-transport-http 2022ms (cache hit)
npm http fetch GET 200 https://registry.npmjs.org/@solana%2frpc-subscriptions-api 584ms (cache hit)
npm http fetch GET 200 https://registry.npmjs.org/@solana%2frpc-subscriptions-spec 635ms (cache hit)
npm http fetch GET 200 https://registry.npmjs.org/@solana%2frpc-subscriptions-channel-websocket 620ms (cache hit)
npm http fetch GET 200 https://registry.npmjs.org/@solana%2ffast-stable-stringify 2111ms (cache hit)
npm verbose reify failed optional dependency /home/apedev/crypto-rabbit-hole-arcade/node_modules/@tailwindcss/oxide-wasm32-wasi
npm verbose reify failed optional dependency /home/apedev/crypto-rabbit-hole-arcade/node_modules/@img/sharp-win32-x64
npm verbose reify failed optional dependency /home/apedev/crypto-rabbit-hole-arcade/node_modules/@img/sharp-win32-ia32
npm verbose reify failed optional dependency /home/apedev/crypto-rabbit-hole-arcade/node_modules/@img/sharp-win32-arm64
npm verbose reify failed optional dependency /home/apedev/crypto-rabbit-hole-arcade/node_modules/@img/sharp-wasm32
npm verbose reify failed optional dependency /home/apedev/crypto-rabbit-hole-arcade/node_modules/@img/sharp-linuxmusl-x64
npm verbose reify failed optional dependency /home/apedev/crypto-rabbit-hole-arcade/node_modules/@img/sharp-linuxmusl-arm64
npm verbose reify failed optional dependency /home/apedev/crypto-rabbit-hole-arcade/node_modules/@img/sharp-linux-s390x
npm verbose reify failed optional dependency /home/apedev/crypto-rabbit-hole-arcade/node_modules/@img/sharp-linux-riscv64
npm verbose reify failed optional dependency /home/apedev/crypto-rabbit-hole-arcade/node_modules/@img/sharp-linux-ppc64
npm verbose reify failed optional dependency /home/apedev/crypto-rabbit-hole-arcade/node_modules/@img/sharp-linux-arm64
npm verbose reify failed optional dependency /home/apedev/crypto-rabbit-hole-arcade/node_modules/@img/sharp-linux-arm
npm verbose reify failed optional dependency /home/apedev/crypto-rabbit-hole-arcade/node_modules/@img/sharp-libvips-linuxmusl-x64
npm verbose reify failed optional dependency /home/apedev/crypto-rabbit-hole-arcade/node_modules/@img/sharp-libvips-linuxmusl-arm64
npm verbose reify failed optional dependency /home/apedev/crypto-rabbit-hole-arcade/node_modules/@img/sharp-libvips-linux-s390x
npm verbose reify failed optional dependency /home/apedev/crypto-rabbit-hole-arcade/node_modules/@img/sharp-libvips-linux-riscv64
npm verbose reify failed optional dependency /home/apedev/crypto-rabbit-hole-arcade/node_modules/@img/sharp-libvips-linux-ppc64
npm verbose reify failed optional dependency /home/apedev/crypto-rabbit-hole-arcade/node_modules/@img/sharp-libvips-linux-arm64
npm verbose reify failed optional dependency /home/apedev/crypto-rabbit-hole-arcade/node_modules/@img/sharp-libvips-linux-arm
npm verbose reify failed optional dependency /home/apedev/crypto-rabbit-hole-arcade/node_modules/@img/sharp-libvips-darwin-x64
npm verbose reify failed optional dependency /home/apedev/crypto-rabbit-hole-arcade/node_modules/@img/sharp-libvips-darwin-arm64
npm verbose reify failed optional dependency /home/apedev/crypto-rabbit-hole-arcade/node_modules/@img/sharp-darwin-x64
npm verbose reify failed optional dependency /home/apedev/crypto-rabbit-hole-arcade/node_modules/@img/sharp-darwin-arm64
npm verbose reify failed optional dependency /home/apedev/crypto-rabbit-hole-arcade/node_modules/@next/swc-win32-x64-msvc
npm verbose reify failed optional dependency /home/apedev/crypto-rabbit-hole-arcade/node_modules/@next/swc-win32-arm64-msvc
npm verbose reify failed optional dependency /home/apedev/crypto-rabbit-hole-arcade/node_modules/@next/swc-linux-x64-musl
npm verbose reify failed optional dependency /home/apedev/crypto-rabbit-hole-arcade/node_modules/@next/swc-linux-arm64-musl
npm verbose reify failed optional dependency /home/apedev/crypto-rabbit-hole-arcade/node_modules/@next/swc-linux-arm64-gnu
npm verbose reify failed optional dependency /home/apedev/crypto-rabbit-hole-arcade/node_modules/@next/swc-darwin-x64
npm verbose reify failed optional dependency /home/apedev/crypto-rabbit-hole-arcade/node_modules/@next/swc-darwin-arm64
npm verbose reify failed optional dependency /home/apedev/crypto-rabbit-hole-arcade/node_modules/lightningcss-win32-x64-msvc
npm verbose reify failed optional dependency /home/apedev/crypto-rabbit-hole-arcade/node_modules/lightningcss-win32-arm64-msvc
npm verbose reify failed optional dependency /home/apedev/crypto-rabbit-hole-arcade/node_modules/lightningcss-linux-x64-musl
npm verbose reify failed optional dependency /home/apedev/crypto-rabbit-hole-arcade/node_modules/lightningcss-linux-arm64-musl
npm verbose reify failed optional dependency /home/apedev/crypto-rabbit-hole-arcade/node_modules/lightningcss-linux-arm64-gnu
npm verbose reify failed optional dependency /home/apedev/crypto-rabbit-hole-arcade/node_modules/lightningcss-linux-arm-gnueabihf
npm verbose reify failed optional dependency /home/apedev/crypto-rabbit-hole-arcade/node_modules/lightningcss-freebsd-x64
npm verbose reify failed optional dependency /home/apedev/crypto-rabbit-hole-arcade/node_modules/lightningcss-darwin-x64
npm verbose reify failed optional dependency /home/apedev/crypto-rabbit-hole-arcade/node_modules/lightningcss-darwin-arm64
npm verbose reify failed optional dependency /home/apedev/crypto-rabbit-hole-arcade/node_modules/lightningcss-android-arm64
npm verbose reify failed optional dependency /home/apedev/crypto-rabbit-hole-arcade/node_modules/@tailwindcss/oxide-win32-x64-msvc
npm verbose reify failed optional dependency /home/apedev/crypto-rabbit-hole-arcade/node_modules/@tailwindcss/oxide-win32-arm64-msvc
npm verbose reify failed optional dependency /home/apedev/crypto-rabbit-hole-arcade/node_modules/@tailwindcss/oxide-linux-x64-musl
npm verbose reify failed optional dependency /home/apedev/crypto-rabbit-hole-arcade/node_modules/@tailwindcss/oxide-linux-arm64-musl
npm verbose reify failed optional dependency /home/apedev/crypto-rabbit-hole-arcade/node_modules/@tailwindcss/oxide-linux-arm64-gnu
npm verbose reify failed optional dependency /home/apedev/crypto-rabbit-hole-arcade/node_modules/@tailwindcss/oxide-linux-arm-gnueabihf
npm verbose reify failed optional dependency /home/apedev/crypto-rabbit-hole-arcade/node_modules/@tailwindcss/oxide-freebsd-x64
npm verbose reify failed optional dependency /home/apedev/crypto-rabbit-hole-arcade/node_modules/@tailwindcss/oxide-darwin-x64
npm verbose reify failed optional dependency /home/apedev/crypto-rabbit-hole-arcade/node_modules/@tailwindcss/oxide-darwin-arm64
npm verbose reify failed optional dependency /home/apedev/crypto-rabbit-hole-arcade/node_modules/@tailwindcss/oxide-android-arm64
npm http fetch POST 200 https://registry.npmjs.org/-/npm/v1/security/advisories/bulk 9767ms
npm http fetch GET 200 https://registry.npmjs.org/process-nextick-args/-/process-nextick-args-2.0.1.tgz 8859ms (cache miss)
npm http fetch GET 200 https://registry.npmjs.org/camelcase/-/camelcase-5.3.1.tgz 8859ms (cache miss)
npm http fetch GET 200 https://registry.npmjs.org/stream-shift/-/stream-shift-1.0.3.tgz 8864ms (cache miss)
npm http fetch GET 200 https://registry.npmjs.org/core-util-is/-/core-util-is-1.0.3.tgz 8865ms (cache miss)
npm http fetch GET 200 https://registry.npmjs.org/wrap-ansi/-/wrap-ansi-6.2.0.tgz 8731ms (cache miss)
npm http fetch GET 200 https://registry.npmjs.org/require-main-filename/-/require-main-filename-2.0.0.tgz 8723ms (cache miss)
npm http fetch GET 200 https://registry.npmjs.org/y18n/-/y18n-4.0.3.tgz 8728ms (cache miss)
npm http fetch GET 200 https://registry.npmjs.org/is-fullwidth-code-point/-/is-fullwidth-code-point-3.0.0.tgz 8726ms (cache miss)
npm http fetch GET 200 https://registry.npmjs.org/which-module/-/which-module-2.0.1.tgz 8717ms (cache miss)
npm http fetch GET 200 https://registry.npmjs.org/duplexify/-/duplexify-4.1.3.tgz 8722ms (cache miss)
npm http fetch GET 200 https://registry.npmjs.org/require-directory/-/require-directory-2.1.1.tgz 8720ms (cache miss)
npm http fetch GET 200 https://registry.npmjs.org/get-caller-file/-/get-caller-file-2.0.5.tgz 8846ms (cache miss)
npm http fetch GET 200 https://registry.npmjs.org/decamelize/-/decamelize-1.2.0.tgz 8849ms (cache miss)
npm http fetch GET 200 https://registry.npmjs.org/p-limit/-/p-limit-2.3.0.tgz 9273ms (cache miss)
npm http fetch GET 200 https://registry.npmjs.org/find-up/-/find-up-4.1.0.tgz 9345ms (cache miss)
npm http fetch GET 200 https://registry.npmjs.org/color-name/-/color-name-1.1.4.tgz 12762ms (cache miss)
npm http fetch GET 200 https://registry.npmjs.org/has-property-descriptors/-/has-property-descriptors-1.0.2.tgz 12628ms (cache miss)
npm http fetch GET 200 https://registry.npmjs.org/path-exists/-/path-exists-4.0.0.tgz 12900ms (cache miss)
npm http fetch GET 200 https://registry.npmjs.org/ansi-styles/-/ansi-styles-4.3.0.tgz 13144ms (cache miss)
npm http fetch GET 200 https://registry.npmjs.org/p-locate/-/p-locate-4.1.0.tgz 13137ms (cache miss)
npm http fetch GET 200 https://registry.npmjs.org/p-try/-/p-try-2.2.0.tgz 13145ms (cache miss)
npm http fetch GET 200 https://registry.npmjs.org/locate-path/-/locate-path-5.0.0.tgz 13139ms (cache miss)
npm http fetch GET 200 https://registry.npmjs.org/cliui/-/cliui-6.0.0.tgz 13000ms (cache miss)
npm http fetch GET 200 https://registry.npmjs.org/set-blocking/-/set-blocking-2.0.0.tgz 13242ms (cache miss)
npm http fetch GET 200 https://registry.npmjs.org/for-each/-/for-each-0.3.5.tgz 13235ms (cache miss)
npm http fetch GET 200 https://registry.npmjs.org/isexe/-/isexe-2.0.0.tgz 13421ms (cache miss)
npm http fetch GET 200 https://registry.npmjs.org/webidl-conversions/-/webidl-conversions-3.0.1.tgz 13426ms (cache miss)
npm http fetch GET 200 https://registry.npmjs.org/is-arguments/-/is-arguments-1.2.0.tgz 13426ms (cache miss)
npm http fetch GET 200 https://registry.npmjs.org/charenc/-/charenc-0.0.2.tgz 13441ms (cache miss)
npm http fetch GET 200 https://registry.npmjs.org/isarray/-/isarray-2.0.5.tgz 13470ms (cache miss)
npm http fetch GET 200 https://registry.npmjs.org/set-function-length/-/set-function-length-1.2.2.tgz 13698ms (cache miss)
npm http fetch GET 200 https://registry.npmjs.org/@radix-ui/react-use-effect-event/-/react-use-effect-event-0.0.2.tgz 13861ms (cache miss)
npm http fetch GET 200 https://registry.npmjs.org/is-generator-function/-/is-generator-function-1.1.2.tgz 13693ms (cache miss)
npm http fetch GET 200 https://registry.npmjs.org/util-deprecate/-/util-deprecate-1.0.2.tgz 13540ms (cache miss)
npm http fetch GET 200 https://registry.npmjs.org/safe-buffer/-/safe-buffer-5.2.1.tgz 13541ms (cache miss)
npm http fetch GET 200 https://registry.npmjs.org/inherits/-/inherits-2.0.4.tgz 13540ms (cache miss)
npm http fetch GET 200 https://registry.npmjs.org/is-buffer/-/is-buffer-1.1.6.tgz 13660ms (cache miss)
npm http fetch GET 200 https://registry.npmjs.org/crypt/-/crypt-0.0.2.tgz 13660ms (cache miss)
npm http fetch GET 200 https://registry.npmjs.org/@types/trusted-types/-/trusted-types-2.0.7.tgz 13653ms (cache miss)
npm http fetch GET 200 https://registry.npmjs.org/@types/uuid/-/uuid-8.3.4.tgz 13669ms (cache miss)
npm http fetch GET 200 https://registry.npmjs.org/@socket.io/component-emitter/-/component-emitter-3.1.2.tgz 13673ms (cache miss)
npm http fetch GET 200 https://registry.npmjs.org/generator-function/-/generator-function-2.0.1.tgz 13827ms (cache miss)
npm http fetch GET 200 https://registry.npmjs.org/es6-promisify/-/es6-promisify-5.0.0.tgz 13541ms (cache miss)
npm http fetch GET 200 https://registry.npmjs.org/color-convert/-/color-convert-2.0.1.tgz 14044ms (cache miss)
npm http fetch GET 200 https://registry.npmjs.org/define-data-property/-/define-data-property-1.1.4.tgz 13876ms (cache miss)
npm http fetch GET 200 https://registry.npmjs.org/to-buffer/-/to-buffer-1.2.2.tgz 13728ms (cache miss)
npm http fetch GET 200 https://registry.npmjs.org/string_decoder/-/string_decoder-1.3.0.tgz 13728ms (cache miss)
npm http fetch GET 200 https://registry.npmjs.org/eyes/-/eyes-0.1.8.tgz 13607ms (cache miss)
npm http fetch GET 200 https://registry.npmjs.org/isomorphic-ws/-/isomorphic-ws-4.0.1.tgz 13605ms (cache miss)
npm http fetch GET 200 https://registry.npmjs.org/has-symbols/-/has-symbols-1.1.0.tgz 13599ms (cache miss)
npm http fetch GET 200 https://registry.npmjs.org/es-define-property/-/es-define-property-1.0.1.tgz 13592ms (cache miss)
npm http fetch GET 200 https://registry.npmjs.org/json-stringify-safe/-/json-stringify-safe-5.0.1.tgz 13694ms (cache miss)
npm http fetch GET 200 https://registry.npmjs.org/openapi-typescript-helpers/-/openapi-typescript-helpers-0.0.15.tgz 13799ms (cache miss)
npm http fetch GET 200 https://registry.npmjs.org/delayed-stream/-/delayed-stream-1.0.0.tgz 13680ms (cache miss)
npm http fetch GET 200 https://registry.npmjs.org/mime-types/-/mime-types-2.1.35.tgz 13681ms (cache miss)
npm http fetch GET 200 https://registry.npmjs.org/has-tostringtag/-/has-tostringtag-1.0.2.tgz 13726ms (cache miss)
npm http fetch GET 200 https://registry.npmjs.org/delay/-/delay-5.0.0.tgz 13885ms (cache miss)
npm http fetch GET 200 https://registry.npmjs.org/es-set-tostringtag/-/es-set-tostringtag-2.1.0.tgz 13869ms (cache miss)
npm http fetch GET 200 https://registry.npmjs.org/pify/-/pify-3.0.0.tgz 13848ms (cache miss)
npm http fetch GET 200 https://registry.npmjs.org/json-rpc-random-id/-/json-rpc-random-id-1.0.1.tgz 13843ms (cache miss)
npm http fetch GET 200 https://registry.npmjs.org/async-mutex/-/async-mutex-0.2.6.tgz 13857ms (cache miss)
npm http fetch GET 200 https://registry.npmjs.org/xtend/-/xtend-4.0.2.tgz 13868ms (cache miss)
npm http fetch GET 200 https://registry.npmjs.org/call-bind/-/call-bind-1.0.8.tgz 14270ms (cache miss)
npm http fetch GET 200 https://registry.npmjs.org/possible-typed-array-names/-/possible-typed-array-names-1.1.0.tgz 14293ms (cache miss)
npm http fetch GET 200 https://registry.npmjs.org/dunder-proto/-/dunder-proto-1.0.1.tgz 14089ms (cache miss)
npm http fetch GET 200 https://registry.npmjs.org/@types/connect/-/connect-3.4.38.tgz 14108ms (cache miss)
npm http fetch GET 200 https://registry.npmjs.org/node-gyp-build/-/node-gyp-build-4.8.4.tgz 13949ms (cache miss)
npm http fetch GET 200 https://registry.npmjs.org/ieee754/-/ieee754-1.2.1.tgz 13949ms (cache miss)
npm http fetch GET 200 https://registry.npmjs.org/eth-query/-/eth-query-2.1.2.tgz 14143ms (cache miss)
npm http fetch GET 200 https://registry.npmjs.org/is-retry-allowed/-/is-retry-allowed-2.2.0.tgz 14014ms (cache miss)
npm http fetch GET 200 https://registry.npmjs.org/text-encoding-utf-8/-/text-encoding-utf-8-1.0.2.tgz 14015ms (cache miss)
npm http fetch GET 200 https://registry.npmjs.org/safe-regex-test/-/safe-regex-test-1.1.0.tgz 14579ms (cache miss)
npm http fetch GET 200 https://registry.npmjs.org/get-proto/-/get-proto-1.0.1.tgz 14305ms (cache miss)
npm http fetch GET 200 https://registry.npmjs.org/es-object-atoms/-/es-object-atoms-1.1.1.tgz 14305ms (cache miss)
npm http fetch GET 200 https://registry.npmjs.org/combined-stream/-/combined-stream-1.0.8.tgz 14318ms (cache miss)
npm http fetch GET 200 https://registry.npmjs.org/base64-js/-/base64-js-1.5.1.tgz 14190ms (cache miss)
npm http fetch GET 200 https://registry.npmjs.org/big.js/-/big.js-6.2.2.tgz 14193ms (cache miss)
npm http fetch GET 200 https://registry.npmjs.org/humanize-ms/-/humanize-ms-1.2.1.tgz 14197ms (cache miss)
npm http fetch GET 200 https://registry.npmjs.org/gopd/-/gopd-1.2.0.tgz 14467ms (cache miss)
npm http fetch GET 200 https://registry.npmjs.org/@types/ms/-/ms-2.1.0.tgz 14304ms (cache miss)
npm http fetch GET 200 https://registry.npmjs.org/is-typed-array/-/is-typed-array-1.1.15.tgz 14949ms (cache miss)
npm http fetch GET 200 https://registry.npmjs.org/available-typed-arrays/-/available-typed-arrays-1.0.7.tgz 14963ms (cache miss)
npm http fetch GET 200 https://registry.npmjs.org/call-bound/-/call-bound-1.0.4.tgz 14811ms (cache miss)
npm http fetch GET 200 https://registry.npmjs.org/typed-array-buffer/-/typed-array-buffer-1.0.3.tgz 14829ms (cache miss)
npm http fetch GET 200 https://registry.npmjs.org/xmlhttprequest-ssl/-/xmlhttprequest-ssl-2.1.2.tgz 14817ms (cache miss)
npm http fetch GET 200 https://registry.npmjs.org/form-data/-/form-data-4.0.5.tgz 14515ms (cache miss)
npm http fetch GET 200 https://registry.npmjs.org/@metamask/eth-json-rpc-provider/-/eth-json-rpc-provider-1.0.1.tgz 14623ms (cache miss)
npm http fetch GET 200 https://registry.npmjs.org/agentkeepalive/-/agentkeepalive-4.6.0.tgz 14347ms (cache miss)
npm http fetch GET 200 https://registry.npmjs.org/eth-json-rpc-filters/-/eth-json-rpc-filters-6.0.1.tgz 14597ms (cache miss)
npm http fetch GET 200 https://registry.npmjs.org/proxy-from-env/-/proxy-from-env-1.1.0.tgz 14590ms (cache miss)
npm http fetch GET 200 https://registry.npmjs.org/buffer/-/buffer-6.0.3.tgz 14437ms (cache miss)
npm http fetch GET 200 https://registry.npmjs.org/bn.js/-/bn.js-5.2.2.tgz 14437ms (cache miss)
npm http fetch GET 200 https://registry.npmjs.org/is-callable/-/is-callable-1.2.7.tgz 15147ms (cache miss)
npm http fetch GET 200 https://registry.npmjs.org/which-typed-array/-/which-typed-array-1.1.19.tgz 15178ms (cache miss)
npm http fetch GET 200 https://registry.npmjs.org/asynckit/-/asynckit-0.4.0.tgz 14885ms (cache miss)
npm http fetch GET 200 https://registry.npmjs.org/@reown/appkit-polyfills/-/appkit-polyfills-1.7.8.tgz 14768ms (cache miss)
npm http fetch GET 200 https://registry.npmjs.org/borsh/-/borsh-0.7.0.tgz 14717ms (cache miss)
npm http fetch GET 200 https://registry.npmjs.org/@solana/subscribable/-/subscribable-3.0.3.tgz 14977ms (cache miss)
npm http fetch GET 200 https://registry.npmjs.org/yargs-parser/-/yargs-parser-18.1.3.tgz 15890ms (cache miss)
npm http fetch GET 200 https://registry.npmjs.org/is-regex/-/is-regex-1.2.1.tgz 15740ms (cache miss)
npm http fetch GET 200 https://registry.npmjs.org/mime-db/-/mime-db-1.52.0.tgz 15588ms (cache miss)
npm http fetch GET 200 https://registry.npmjs.org/derive-valtio/-/derive-valtio-0.1.0.tgz 15843ms (cache miss)
npm http fetch GET 200 https://registry.npmjs.org/call-bind-apply-helpers/-/call-bind-apply-helpers-1.0.2.tgz 15555ms (cache miss)
npm http fetch GET 200 https://registry.npmjs.org/es-errors/-/es-errors-1.3.0.tgz 15553ms (cache miss)
npm http fetch GET 200 https://registry.npmjs.org/json-rpc-engine/-/json-rpc-engine-6.1.0.tgz 15551ms (cache miss)
npm http fetch GET 200 https://registry.npmjs.org/@solana/nominal-types/-/nominal-types-3.0.3.tgz 15427ms (cache miss)
npm http fetch GET 200 https://registry.npmjs.org/sha.js/-/sha.js-2.4.12.tgz 15870ms (cache miss)
npm http fetch GET 200 https://registry.npmjs.org/follow-redirects/-/follow-redirects-1.15.11.tgz 16168ms (cache miss)
npm http fetch GET 200 https://registry.npmjs.org/@solana/rpc-spec/-/rpc-spec-3.0.3.tgz 16015ms (cache miss)
npm http fetch GET 200 https://registry.npmjs.org/eth-block-tracker/-/eth-block-tracker-7.1.0.tgz 16458ms (cache miss)
npm http fetch GET 200 https://registry.npmjs.org/@solana/promises/-/promises-3.0.3.tgz 16280ms (cache miss)
npm http fetch GET 200 https://registry.npmjs.org/@ecies/ciphers/-/ciphers-0.2.5.tgz 16564ms (cache miss)
npm http fetch GET 200 https://registry.npmjs.org/get-intrinsic/-/get-intrinsic-1.3.0.tgz 17087ms (cache miss)
npm http fetch GET 200 https://registry.npmjs.org/stream-chain/-/stream-chain-2.2.5.tgz 17467ms (cache miss)
npm http fetch GET 200 https://registry.npmjs.org/@solana/programs/-/programs-3.0.3.tgz 16859ms (cache miss)
npm http fetch GET 200 https://registry.npmjs.org/@solana/keys/-/keys-3.0.3.tgz 16855ms (cache miss)
npm http fetch GET 200 https://registry.npmjs.org/@solana/functional/-/functional-3.0.3.tgz 16839ms (cache miss)
npm http fetch GET 200 https://registry.npmjs.org/@solana/rpc-spec-types/-/rpc-spec-types-3.0.3.tgz 17180ms (cache miss)
npm http fetch GET 200 https://registry.npmjs.org/micro-ftch/-/micro-ftch-0.3.1.tgz 17162ms (cache miss)
npm http fetch GET 200 https://registry.npmjs.org/crc-32/-/crc-32-1.2.2.tgz 17290ms (cache miss)
npm http fetch GET 200 https://registry.npmjs.org/pony-cause/-/pony-cause-2.1.11.tgz 17292ms (cache miss)
npm http fetch GET 200 https://registry.npmjs.org/@solana/codecs/-/codecs-3.0.3.tgz 17302ms (cache miss)
npm http fetch GET 200 https://registry.npmjs.org/proxy-compare/-/proxy-compare-2.6.0.tgz 18316ms (cache miss)
npm http fetch GET 200 https://registry.npmjs.org/socket.io-parser/-/socket.io-parser-4.2.4.tgz 18504ms (cache miss)
npm http fetch GET 200 https://registry.npmjs.org/@solana/fast-stable-stringify/-/fast-stable-stringify-3.0.3.tgz 18061ms (cache miss)
npm http fetch GET 200 https://registry.npmjs.org/@solana/assertions/-/assertions-3.0.3.tgz 18045ms (cache miss)
npm http fetch GET 200 https://registry.npmjs.org/@types/debug/-/debug-4.1.12.tgz 17883ms (cache miss)
npm http fetch GET 200 https://registry.npmjs.org/commander/-/commander-14.0.0.tgz 18253ms (cache miss)
npm http fetch GET 200 https://registry.npmjs.org/fast-deep-equal/-/fast-deep-equal-3.1.3.tgz 18116ms (cache miss)
npm http fetch GET 200 https://registry.npmjs.org/extension-port-stream/-/extension-port-stream-3.0.0.tgz 18011ms (cache miss)
npm http fetch GET 200 https://registry.npmjs.org/is-stream/-/is-stream-2.0.1.tgz 18123ms (cache miss)
npm http fetch GET 200 https://registry.npmjs.org/@lit-labs/ssr-dom-shim/-/ssr-dom-shim-1.4.0.tgz 19278ms (cache miss)
npm http fetch GET 200 https://registry.npmjs.org/@ethereumjs/rlp/-/rlp-4.0.1.tgz 18650ms (cache miss)
npm http fetch GET 200 https://registry.npmjs.org/util/-/util-0.12.5.tgz 18824ms (cache miss)
npm http fetch GET 200 https://registry.npmjs.org/eciesjs/-/eciesjs-0.4.16.tgz 18995ms (cache miss)
npm http fetch GET 200 https://registry.npmjs.org/md5/-/md5-2.3.0.tgz 18977ms (cache miss)
npm http fetch GET 200 https://registry.npmjs.org/engine.io-parser/-/engine.io-parser-5.2.3.tgz 20063ms (cache miss)
npm http fetch GET 200 https://registry.npmjs.org/@solana/rpc-subscriptions-channel-websocket/-/rpc-subscriptions-channel-websocket-3.0.3.tgz 19617ms (cache miss)
npm http fetch GET 200 https://registry.npmjs.org/eventemitter2/-/eventemitter2-6.4.9.tgz 19289ms (cache miss)
npm http fetch GET 200 https://registry.npmjs.org/math-intrinsics/-/math-intrinsics-1.1.0.tgz 20191ms (cache miss)
npm http fetch GET 200 https://registry.npmjs.org/@solana/buffer-layout/-/buffer-layout-4.0.1.tgz 19881ms (cache miss)
npm http fetch GET 200 https://registry.npmjs.org/axios-retry/-/axios-retry-4.5.0.tgz 19513ms (cache miss)
npm http fetch GET 200 https://registry.npmjs.org/@metamask/safe-event-emitter/-/safe-event-emitter-3.1.2.tgz 20028ms (cache miss)
npm http fetch GET 200 https://registry.npmjs.org/superstruct/-/superstruct-2.0.2.tgz 20599ms (cache miss)
npm http fetch GET 200 https://registry.npmjs.org/@metamask/object-multiplex/-/object-multiplex-2.1.0.tgz 20178ms (cache miss)
npm http fetch GET 200 https://registry.npmjs.org/eth-rpc-errors/-/eth-rpc-errors-4.0.3.tgz 20630ms (cache miss)
npm http fetch GET 200 https://registry.npmjs.org/isows/-/isows-1.0.7.tgz 20507ms (cache miss)
npm http fetch GET 200 https://registry.npmjs.org/@safe-global/safe-apps-provider/-/safe-apps-provider-0.18.6.tgz 20537ms (cache miss)
npm http fetch GET 200 https://registry.npmjs.org/obj-multiplex/-/obj-multiplex-1.0.0.tgz 20886ms (cache miss)
npm http fetch GET 200 https://registry.npmjs.org/d3-path/-/d3-path-3.1.0.tgz 20942ms (cache miss)
npm http fetch GET 200 https://registry.npmjs.org/internmap/-/internmap-2.0.3.tgz 20945ms (cache miss)
npm http fetch GET 200 https://registry.npmjs.org/d3-format/-/d3-format-3.1.0.tgz 20953ms (cache miss)
npm http fetch GET 200 https://registry.npmjs.org/tr46/-/tr46-0.0.3.tgz 22228ms (cache miss)
npm http fetch GET 200 https://registry.npmjs.org/@metamask/sdk-analytics/-/sdk-analytics-0.0.5.tgz 21342ms (cache miss)
npm http fetch GET 200 https://registry.npmjs.org/@types/d3-color/-/d3-color-3.1.3.tgz 21226ms (cache miss)
npm http fetch GET 200 https://registry.npmjs.org/@types/d3-path/-/d3-path-3.1.1.tgz 21205ms (cache miss)
npm http fetch GET 200 https://registry.npmjs.org/d3-time/-/d3-time-3.1.0.tgz 21205ms (cache miss)
npm http fetch GET 200 https://registry.npmjs.org/d3-timer/-/d3-timer-3.0.1.tgz 21638ms (cache miss)
npm http fetch GET 200 https://registry.npmjs.org/webextension-polyfill/-/webextension-polyfill-0.10.0.tgz 22228ms (cache miss)
npm http fetch GET 200 https://registry.npmjs.org/@metamask/onboarding/-/onboarding-1.0.1.tgz 22102ms (cache miss)
npm http fetch GET 200 https://registry.npmjs.org/@types/d3-timer/-/d3-timer-3.0.2.tgz 21937ms (cache miss)
npm http fetch GET 200 https://registry.npmjs.org/@types/d3-array/-/d3-array-3.2.2.tgz 21925ms (cache miss)
npm http fetch GET 200 https://registry.npmjs.org/@types/d3-time/-/d3-time-3.0.4.tgz 21946ms (cache miss)
npm http fetch GET 200 https://registry.npmjs.org/detect-node-es/-/detect-node-es-1.1.0.tgz 21830ms (cache miss)
npm http fetch GET 200 https://registry.npmjs.org/@types/d3-ease/-/d3-ease-3.0.2.tgz 21932ms (cache miss)
npm http fetch GET 200 https://registry.npmjs.org/@types/d3-shape/-/d3-shape-3.1.7.tgz 22337ms (cache miss)
npm http fetch GET 200 https://registry.npmjs.org/@types/d3-interpolate/-/d3-interpolate-3.0.4.tgz 22334ms (cache miss)
npm http fetch GET 200 https://registry.npmjs.org/@types/d3-scale/-/d3-scale-4.0.9.tgz 22344ms (cache miss)
npm http fetch GET 200 https://registry.npmjs.org/uncrypto/-/uncrypto-0.1.3.tgz 22228ms (cache miss)
npm http fetch GET 200 https://registry.npmjs.org/stream-json/-/stream-json-1.9.1.tgz 23432ms (cache miss)
npm http fetch GET 200 https://registry.npmjs.org/escalade/-/escalade-3.2.0.tgz 22443ms (cache miss)
npm http fetch GET 200 https://registry.npmjs.org/radix3/-/radix3-1.1.2.tgz 22440ms (cache miss)
npm http fetch GET 200 https://registry.npmjs.org/iron-webcrypto/-/iron-webcrypto-1.2.1.tgz 22436ms (cache miss)
npm http fetch GET 200 https://registry.npmjs.org/cookie-es/-/cookie-es-1.2.2.tgz 22435ms (cache miss)
npm http fetch GET 200 https://registry.npmjs.org/readdirp/-/readdirp-4.1.2.tgz 22435ms (cache miss)
npm http fetch GET 200 https://registry.npmjs.org/defu/-/defu-6.1.4.tgz 22438ms (cache miss)
npm http fetch GET 200 https://registry.npmjs.org/normalize-path/-/normalize-path-3.0.0.tgz 22435ms (cache miss)
npm http fetch GET 200 https://registry.npmjs.org/d3-color/-/d3-color-3.1.0.tgz 22981ms (cache miss)
npm http fetch GET 200 https://registry.npmjs.org/anymatch/-/anymatch-3.1.3.tgz 22802ms (cache miss)
npm http fetch GET 200 https://registry.npmjs.org/ansi-regex/-/ansi-regex-6.2.2.tgz 22807ms (cache miss)
npm http fetch GET 200 https://registry.npmjs.org/@solana/options/-/options-3.0.3.tgz 23649ms (cache miss)
npm http fetch GET 200 https://registry.npmjs.org/@solana/instructions/-/instructions-3.0.3.tgz 23503ms (cache miss)
npm http fetch GET 200 https://registry.npmjs.org/destr/-/destr-2.0.5.tgz 23401ms (cache miss)
npm http fetch GET 200 https://registry.npmjs.org/shebang-regex/-/shebang-regex-3.0.0.tgz 23400ms (cache miss)
npm http fetch GET 200 https://registry.npmjs.org/mimic-function/-/mimic-function-5.0.1.tgz 23398ms (cache miss)
npm http fetch GET 200 https://registry.npmjs.org/emoji-regex/-/emoji-regex-10.6.0.tgz 23399ms (cache miss)
npm http fetch GET 200 https://registry.npmjs.org/function-bind/-/function-bind-1.1.2.tgz 23396ms (cache miss)
npm http fetch GET 200 https://registry.npmjs.org/onetime/-/onetime-7.0.0.tgz 23400ms (cache miss)
npm http fetch GET 200 https://registry.npmjs.org/path-parse/-/path-parse-1.0.7.tgz 23393ms (cache miss)
npm http fetch GET 200 https://registry.npmjs.org/supports-preserve-symlinks-flag/-/supports-preserve-symlinks-flag-1.0.0.tgz 23396ms (cache miss)
npm http fetch GET 200 https://registry.npmjs.org/@solana/rpc-transport-http/-/rpc-transport-http-3.0.3.tgz 25694ms (cache miss)
npm http fetch GET 200 https://registry.npmjs.org/get-east-asian-width/-/get-east-asian-width-1.4.0.tgz 25094ms (cache miss)
npm http fetch GET 200 https://registry.npmjs.org/split-on-first/-/split-on-first-1.1.0.tgz 24908ms (cache miss)
npm http fetch GET 200 https://registry.npmjs.org/strict-uri-encode/-/strict-uri-encode-2.0.0.tgz 24915ms (cache miss)
npm http fetch GET 200 https://registry.npmjs.org/filter-obj/-/filter-obj-1.1.0.tgz 24914ms (cache miss)
npm http fetch GET 200 https://registry.npmjs.org/hasown/-/hasown-2.0.2.tgz 25774ms (cache miss)
npm http fetch GET 200 https://registry.npmjs.org/is-core-module/-/is-core-module-2.16.1.tgz 25608ms (cache miss)
npm http fetch GET 200 https://registry.npmjs.org/encode-utf8/-/encode-utf8-1.0.3.tgz 25595ms (cache miss)
npm http fetch GET 200 https://registry.npmjs.org/real-require/-/real-require-0.1.0.tgz 25591ms (cache miss)
npm http fetch GET 200 https://registry.npmjs.org/dijkstrajs/-/dijkstrajs-1.0.3.tgz 25595ms (cache miss)
npm http fetch GET 200 https://registry.npmjs.org/process-warning/-/process-warning-1.0.0.tgz 25590ms (cache miss)
npm http fetch GET 200 https://registry.npmjs.org/safe-stable-stringify/-/safe-stable-stringify-2.5.0.tgz 25591ms (cache miss)
npm http fetch GET 200 https://registry.npmjs.org/kleur/-/kleur-3.0.3.tgz 25596ms (cache miss)
npm http fetch GET 200 https://registry.npmjs.org/pino-std-serializers/-/pino-std-serializers-4.0.0.tgz 25590ms (cache miss)
npm http fetch GET 200 https://registry.npmjs.org/decode-uri-component/-/decode-uri-component-0.2.2.tgz 25600ms (cache miss)
npm http fetch GET 200 https://registry.npmjs.org/@solana/rpc-parsed-types/-/rpc-parsed-types-3.0.3.tgz 26744ms (cache miss)
npm http fetch GET 200 https://registry.npmjs.org/picomatch/-/picomatch-2.3.1.tgz 26155ms (cache miss)
npm http fetch GET 200 https://registry.npmjs.org/sisteransi/-/sisteransi-1.0.5.tgz 25943ms (cache miss)
npm http fetch GET 200 https://registry.npmjs.org/callsites/-/callsites-3.1.0.tgz 25936ms (cache miss)
npm http fetch GET 200 https://registry.npmjs.org/is-arrayish/-/is-arrayish-0.2.1.tgz 25966ms (cache miss)
npm http fetch GET 200 https://registry.npmjs.org/quick-format-unescaped/-/quick-format-unescaped-4.0.4.tgz 25979ms (cache miss)
npm http fetch GET 200 https://registry.npmjs.org/lines-and-columns/-/lines-and-columns-1.2.4.tgz 25972ms (cache miss)
npm http fetch GET 200 https://registry.npmjs.org/es6-promise/-/es6-promise-4.2.8.tgz 28060ms (cache miss)
npm http fetch GET 200 https://registry.npmjs.org/d3-ease/-/d3-ease-3.0.1.tgz 27179ms (cache miss)
npm http fetch GET 200 https://registry.npmjs.org/json-parse-even-better-errors/-/json-parse-even-better-errors-2.3.1.tgz 26837ms (cache miss)
npm http fetch GET 200 https://registry.npmjs.org/error-ex/-/error-ex-1.3.4.tgz 26841ms (cache miss)
npm http fetch GET 200 https://registry.npmjs.org/restore-cursor/-/restore-cursor-5.1.0.tgz 26833ms (cache miss)
npm http fetch GET 200 https://registry.npmjs.org/string-width/-/string-width-7.2.0.tgz 26832ms (cache miss)
npm http fetch GET 200 https://registry.npmjs.org/strip-ansi/-/strip-ansi-7.1.2.tgz 26839ms (cache miss)
npm http fetch GET 200 https://registry.npmjs.org/log-symbols/-/log-symbols-6.0.0.tgz 26830ms (cache miss)
npm http fetch GET 200 https://registry.npmjs.org/is-unicode-supported/-/is-unicode-supported-2.1.0.tgz 26828ms (cache miss)
npm http fetch GET 200 https://registry.npmjs.org/is-interactive/-/is-interactive-2.0.0.tgz 26828ms (cache miss)
npm http fetch GET 200 https://registry.npmjs.org/rpc-websockets/-/rpc-websockets-9.3.2.tgz 28361ms (cache miss)
npm http fetch GET 200 https://registry.npmjs.org/ufo/-/ufo-1.6.1.tgz 27582ms (cache miss)
npm http fetch GET 200 https://registry.npmjs.org/cli-cursor/-/cli-cursor-5.0.0.tgz 27100ms (cache miss)
npm http fetch GET 200 https://registry.npmjs.org/cli-spinners/-/cli-spinners-2.9.2.tgz 27110ms (cache miss)
npm http fetch GET 200 https://registry.npmjs.org/run-applescript/-/run-applescript-7.1.0.tgz 27105ms (cache miss)
npm http fetch GET 200 https://registry.npmjs.org/stdin-discarder/-/stdin-discarder-0.2.2.tgz 27110ms (cache miss)
npm http fetch GET 200 https://registry.npmjs.org/is-docker/-/is-docker-3.0.0.tgz 27110ms (cache miss)
npm http fetch GET 200 https://registry.npmjs.org/@scure/bip32/-/bip32-1.7.0.tgz 27420ms (cache miss)
npm http fetch GET 200 https://registry.npmjs.org/openapi-fetch/-/openapi-fetch-0.13.8.tgz 28503ms (cache miss)
npm http fetch GET 200 https://registry.npmjs.org/default-browser-id/-/default-browser-id-5.0.1.tgz 27591ms (cache miss)
npm http fetch GET 200 https://registry.npmjs.org/is-wsl/-/is-wsl-3.1.0.tgz 27597ms (cache miss)
npm http fetch GET 200 https://registry.npmjs.org/bundle-name/-/bundle-name-4.1.0.tgz 27601ms (cache miss)
npm http fetch GET 200 https://registry.npmjs.org/default-browser/-/default-browser-5.4.0.tgz 27595ms (cache miss)
npm http fetch GET 200 https://registry.npmjs.org/is-inside-container/-/is-inside-container-1.0.0.tgz 27597ms (cache miss)
npm http fetch GET 200 https://registry.npmjs.org/define-lazy-prop/-/define-lazy-prop-3.0.0.tgz 27599ms (cache miss)
npm http fetch GET 200 https://registry.npmjs.org/whatwg-url/-/whatwg-url-5.0.0.tgz 27596ms (cache miss)
npm http fetch GET 200 https://registry.npmjs.org/resolve-from/-/resolve-from-4.0.0.tgz 28285ms (cache miss)
npm http fetch GET 200 https://registry.npmjs.org/parent-module/-/parent-module-1.0.1.tgz 28287ms (cache miss)
npm http fetch GET 200 https://registry.npmjs.org/ms/-/ms-2.1.3.tgz 28285ms (cache miss)
npm http fetch GET 200 https://registry.npmjs.org/which/-/which-2.0.2.tgz 28288ms (cache miss)
npm http fetch GET 200 https://registry.npmjs.org/shebang-command/-/shebang-command-2.0.0.tgz 28286ms (cache miss)
npm http fetch GET 200 https://registry.npmjs.org/path-key/-/path-key-3.1.1.tgz 28286ms (cache miss)
npm http fetch GET 200 https://registry.npmjs.org/@solana/rpc-subscriptions-api/-/rpc-subscriptions-api-3.0.3.tgz 29677ms (cache miss)
npm http fetch GET 200 https://registry.npmjs.org/parse-json/-/parse-json-5.2.0.tgz 28621ms (cache miss)
npm http fetch GET 200 https://registry.npmjs.org/path-type/-/path-type-4.0.0.tgz 28626ms (cache miss)
npm http fetch GET 200 https://registry.npmjs.org/import-fresh/-/import-fresh-3.3.1.tgz 28626ms (cache miss)
npm http fetch GET 200 https://registry.npmjs.org/base-x/-/base-x-5.0.1.tgz 28623ms (cache miss)
npm http fetch GET 200 https://registry.npmjs.org/@types/parse-json/-/parse-json-4.0.2.tgz 28626ms (cache miss)
npm http fetch GET 200 https://registry.npmjs.org/@solana/rpc-subscriptions-spec/-/rpc-subscriptions-spec-3.0.3.tgz 30276ms (cache miss)
npm http fetch GET 200 https://registry.npmjs.org/@paulmillr/qr/-/qr-0.2.1.tgz 30018ms (cache miss)
npm http fetch GET 200 https://registry.npmjs.org/bs58/-/bs58-6.0.0.tgz 29263ms (cache miss)
npm http fetch GET 200 https://registry.npmjs.org/query-string/-/query-string-7.1.3.tgz 29268ms (cache miss)
npm http fetch GET 200 https://registry.npmjs.org/detect-browser/-/detect-browser-5.3.0.tgz 29273ms (cache miss)
npm http fetch GET 200 https://registry.npmjs.org/readable-stream/-/readable-stream-3.6.2.tgz 30641ms (cache miss)
npm warn deprecated @paulmillr/qr@0.2.1: The package is now available as "qr": npm install qr
npm http fetch GET 200 https://registry.npmjs.org/@metamask/json-rpc-middleware-stream/-/json-rpc-middleware-stream-7.0.2.tgz 30670ms (cache miss)
npm http fetch GET 200 https://registry.npmjs.org/chokidar/-/chokidar-4.0.3.tgz 30332ms (cache miss)
npm http fetch GET 200 https://registry.npmjs.org/keyvaluestorage-interface/-/keyvaluestorage-interface-1.0.0.tgz 29597ms (cache miss)
npm http fetch GET 200 https://registry.npmjs.org/@solana/transaction-confirmation/-/transaction-confirmation-3.0.3.tgz 31338ms (cache miss)
npm http fetch GET 200 https://registry.npmjs.org/@solana/rpc/-/rpc-3.0.3.tgz 32460ms (cache miss)
npm http fetch GET 200 https://registry.npmjs.org/ofetch/-/ofetch-1.5.1.tgz 31873ms (cache miss)
npm http fetch GET 200 https://registry.npmjs.org/node-fetch/-/node-fetch-2.7.0.tgz 31383ms (cache miss)
npm http fetch GET 200 https://registry.npmjs.org/@emotion/is-prop-valid/-/is-prop-valid-1.4.0.tgz 31425ms (cache miss)
npm http fetch GET 200 https://registry.npmjs.org/jayson/-/jayson-4.2.0.tgz 33768ms (cache miss)
npm http fetch GET 200 https://registry.npmjs.org/chalk/-/chalk-5.6.2.tgz 32471ms (cache miss)
npm http fetch GET 200 https://registry.npmjs.org/@babel/helper-string-parser/-/helper-string-parser-7.27.1.tgz 32006ms (cache miss)
npm http fetch GET 200 https://registry.npmjs.org/@babel/helper-validator-identifier/-/helper-validator-identifier-7.28.5.tgz 32004ms (cache miss)
npm http fetch GET 200 https://registry.npmjs.org/jsesc/-/jsesc-3.1.0.tgz 32003ms (cache miss)
npm http fetch GET 200 https://registry.npmjs.org/@babel/helper-globals/-/helper-globals-7.28.0.tgz 32394ms (cache miss)
npm http fetch GET 200 https://registry.npmjs.org/debug/-/debug-4.4.3.tgz 32400ms (cache miss)
npm http fetch GET 200 https://registry.npmjs.org/@babel/code-frame/-/code-frame-7.27.1.tgz 32389ms (cache miss)
npm http fetch GET 200 https://registry.npmjs.org/@emotion/unitless/-/unitless-0.10.0.tgz 32791ms (cache miss)
npm http fetch GET 200 https://registry.npmjs.org/convert-source-map/-/convert-source-map-1.9.0.tgz 32756ms (cache miss)
npm http fetch GET 200 https://registry.npmjs.org/escape-string-regexp/-/escape-string-regexp-4.0.0.tgz 32761ms (cache miss)
npm http fetch GET 200 https://registry.npmjs.org/find-root/-/find-root-1.1.0.tgz 32767ms (cache miss)
npm http fetch GET 200 https://registry.npmjs.org/babel-plugin-macros/-/babel-plugin-macros-3.1.0.tgz 33185ms (cache miss)
npm http fetch GET 200 https://registry.npmjs.org/@emotion/memoize/-/memoize-0.9.0.tgz 33194ms (cache miss)
npm http fetch GET 200 https://registry.npmjs.org/@emotion/weak-memoize/-/weak-memoize-0.4.0.tgz 33193ms (cache miss)
npm http fetch GET 200 https://registry.npmjs.org/@emotion/serialize/-/serialize-1.3.3.tgz 33195ms (cache miss)
npm http fetch GET 200 https://registry.npmjs.org/@emotion/utils/-/utils-1.4.2.tgz 33199ms (cache miss)
npm http fetch GET 200 https://registry.npmjs.org/@emotion/use-insertion-effect-with-fallbacks/-/use-insertion-effect-with-fallbacks-1.2.0.tgz 33199ms (cache miss)
npm http fetch GET 200 https://registry.npmjs.org/hoist-non-react-statics/-/hoist-non-react-statics-3.3.2.tgz 33744ms (cache miss)
npm http fetch GET 200 https://registry.npmjs.org/cross-fetch/-/cross-fetch-3.2.0.tgz 35095ms (cache miss)
npm http fetch GET 200 https://registry.npmjs.org/ora/-/ora-8.2.0.tgz 34732ms (cache miss)
npm http fetch GET 200 https://registry.npmjs.org/cross-spawn/-/cross-spawn-7.0.6.tgz 34742ms (cache miss)
npm http fetch GET 200 https://registry.npmjs.org/uqr/-/uqr-0.1.2.tgz 34780ms (cache miss)
npm http fetch GET 200 https://registry.npmjs.org/@solana/codecs-strings/-/codecs-strings-3.0.3.tgz 36947ms (cache miss)
npm http fetch GET 200 https://registry.npmjs.org/d3-interpolate/-/d3-interpolate-3.0.1.tgz 36456ms (cache miss)
npm http fetch GET 200 https://registry.npmjs.org/open/-/open-10.1.1.tgz 35123ms (cache miss)
npm http fetch GET 200 https://registry.npmjs.org/atomic-sleep/-/atomic-sleep-1.0.0.tgz 35118ms (cache miss)
npm http fetch GET 200 https://registry.npmjs.org/client-only/-/client-only-0.0.1.tgz 35127ms (cache miss)
npm http fetch GET 200 https://registry.npmjs.org/@babel/helper-module-imports/-/helper-module-imports-7.27.1.tgz 35825ms (cache miss)
npm http fetch GET 200 https://registry.npmjs.org/@img/colour/-/colour-1.0.0.tgz 35729ms (cache miss)
npm http fetch GET 200 https://registry.npmjs.org/@solana/addresses/-/addresses-3.0.3.tgz 37883ms (cache miss)
npm http fetch GET 200 https://registry.npmjs.org/@walletconnect/jsonrpc-http-connection/-/jsonrpc-http-connection-1.0.8.tgz 36725ms (cache miss)
npm http fetch GET 200 https://registry.npmjs.org/object-assign/-/object-assign-4.1.1.tgz 36101ms (cache miss)
npm http fetch GET 200 https://registry.npmjs.org/tiny-invariant/-/tiny-invariant-1.3.3.tgz 36105ms (cache miss)
npm http fetch GET 200 https://registry.npmjs.org/@solana-program/compute-budget/-/compute-budget-0.8.0.tgz 39263ms (cache miss)
npm http fetch GET 200 https://registry.npmjs.org/d3-scale/-/d3-scale-4.0.2.tgz 38114ms (cache miss)
npm http fetch GET 200 https://registry.npmjs.org/@walletconnect/jsonrpc-provider/-/jsonrpc-provider-1.0.14.tgz 37222ms (cache miss)
npm http fetch GET 200 https://registry.npmjs.org/get-nonce/-/get-nonce-1.0.1.tgz 36552ms (cache miss)
npm http fetch GET 200 https://registry.npmjs.org/react-style-singleton/-/react-style-singleton-2.2.3.tgz 36553ms (cache miss)
npm http fetch GET 200 https://registry.npmjs.org/use-callback-ref/-/use-callback-ref-1.3.3.tgz 36563ms (cache miss)
npm http fetch GET 200 https://registry.npmjs.org/fast-redact/-/fast-redact-3.5.0.tgz 38070ms (cache miss)
npm http fetch GET 200 https://registry.npmjs.org/react-is/-/react-is-18.3.1.tgz 36949ms (cache miss)
npm http fetch GET 200 https://registry.npmjs.org/loose-envify/-/loose-envify-1.4.0.tgz 36933ms (cache miss)
npm http fetch GET 200 https://registry.npmjs.org/once/-/once-1.4.0.tgz 36939ms (cache miss)
npm http fetch GET 200 https://registry.npmjs.org/end-of-stream/-/end-of-stream-1.4.5.tgz 36937ms (cache miss)
npm http fetch GET 200 https://registry.npmjs.org/wrappy/-/wrappy-1.0.2.tgz 36941ms (cache miss)
npm http fetch GET 200 https://registry.npmjs.org/nanoid/-/nanoid-3.3.11.tgz 36940ms (cache miss)
npm http fetch GET 200 https://registry.npmjs.org/split2/-/split2-4.2.0.tgz 36940ms (cache miss)
npm http fetch GET 200 https://registry.npmjs.org/react-remove-scroll-bar/-/react-remove-scroll-bar-2.3.8.tgz 36954ms (cache miss)
npm http fetch GET 200 https://registry.npmjs.org/@date-fns/tz/-/tz-1.2.0.tgz 36957ms (cache miss)
npm http fetch GET 200 https://registry.npmjs.org/utf-8-validate/-/utf-8-validate-5.0.10.tgz 39126ms (cache miss)
npm http fetch GET 200 https://registry.npmjs.org/@walletconnect/jsonrpc-types/-/jsonrpc-types-1.0.4.tgz 38064ms (cache miss)
npm http fetch GET 200 https://registry.npmjs.org/js-tokens/-/js-tokens-4.0.0.tgz 37397ms (cache miss)
npm http fetch GET 200 https://registry.npmjs.org/on-exit-leak-free/-/on-exit-leak-free-2.1.2.tgz 37169ms (cache miss)
npm http fetch GET 200 https://registry.npmjs.org/minimist/-/minimist-1.2.8.tgz 37157ms (cache miss)
npm http fetch GET 200 https://registry.npmjs.org/joycon/-/joycon-3.1.1.tgz 37157ms (cache miss)
npm http fetch GET 200 https://registry.npmjs.org/secure-json-parse/-/secure-json-parse-4.1.0.tgz 37390ms (cache miss)
npm http fetch GET 200 https://registry.npmjs.org/pino-abstract-transport/-/pino-abstract-transport-3.0.0.tgz 37390ms (cache miss)
npm http fetch GET 200 https://registry.npmjs.org/fast-safe-stringify/-/fast-safe-stringify-2.1.1.tgz 37162ms (cache miss)
npm http fetch GET 200 https://registry.npmjs.org/pump/-/pump-3.0.3.tgz 37393ms (cache miss)
npm http fetch GET 200 https://registry.npmjs.org/strip-json-comments/-/strip-json-comments-5.0.3.tgz 37399ms (cache miss)
npm http fetch GET 200 https://registry.npmjs.org/@solana/accounts/-/accounts-3.0.3.tgz 39610ms (cache miss)
npm http fetch GET 200 https://registry.npmjs.org/colorette/-/colorette-2.0.20.tgz 37492ms (cache miss)
npm http fetch GET 200 https://registry.npmjs.org/dateformat/-/dateformat-4.6.3.tgz 37494ms (cache miss)
npm http fetch GET 200 https://registry.npmjs.org/help-me/-/help-me-5.0.0.tgz 37494ms (cache miss)
npm http fetch GET 200 https://registry.npmjs.org/@solana/transactions/-/transactions-3.0.3.tgz 40212ms (cache miss)
npm http fetch GET 200 https://registry.npmjs.org/blakejs/-/blakejs-1.2.1.tgz 38901ms (cache miss)
npm http fetch GET 200 https://registry.npmjs.org/detect-libc/-/detect-libc-2.1.2.tgz 38017ms (cache miss)
npm http fetch GET 200 https://registry.npmjs.org/strnum/-/strnum-2.1.2.tgz 38019ms (cache miss)
npm http fetch GET 200 https://registry.npmjs.org/@next/env/-/env-16.0.10.tgz 38027ms (cache miss)
npm http fetch GET 200 https://registry.npmjs.org/bufferutil/-/bufferutil-4.1.0.tgz 40365ms (cache miss)
npm http fetch GET 200 https://registry.npmjs.org/@scure/base/-/base-1.2.6.tgz 39223ms (cache miss)
npm http fetch GET 200 https://registry.npmjs.org/embla-carousel-reactive-utils/-/embla-carousel-reactive-utils-8.5.1.tgz 38311ms (cache miss)
npm http fetch GET 200 https://registry.npmjs.org/graceful-fs/-/graceful-fs-4.2.11.tgz 38320ms (cache miss)
npm http fetch GET 200 https://registry.npmjs.org/@solana/sysvars/-/sysvars-3.0.3.tgz 41050ms (cache miss)
npm http fetch GET 200 https://registry.npmjs.org/@solana/rpc-subscriptions/-/rpc-subscriptions-3.0.3.tgz 41052ms (cache miss)
npm http fetch GET 200 https://registry.npmjs.org/@walletconnect/jsonrpc-ws-connection/-/jsonrpc-ws-connection-1.0.16.tgz 39771ms (cache miss)
npm http fetch GET 200 https://registry.npmjs.org/@emotion/sheet/-/sheet-1.4.0.tgz 39585ms (cache miss)
npm http fetch GET 200 https://registry.npmjs.org/prop-types/-/prop-types-15.8.1.tgz 39175ms (cache miss)
npm http fetch GET 200 https://registry.npmjs.org/update-browserslist-db/-/update-browserslist-db-1.2.3.tgz 38913ms (cache miss)
npm http fetch GET 200 https://registry.npmjs.org/eventemitter3/-/eventemitter3-5.0.1.tgz 38788ms (cache miss)
npm http fetch GET 200 https://registry.npmjs.org/mipd/-/mipd-0.0.7.tgz 38798ms (cache miss)
npm http fetch GET 200 https://registry.npmjs.org/server-only/-/server-only-0.0.1.tgz 38787ms (cache miss)
npm http fetch GET 200 https://registry.npmjs.org/postcss-value-parser/-/postcss-value-parser-4.2.0.tgz 38830ms (cache miss)
npm http fetch GET 200 https://registry.npmjs.org/node-releases/-/node-releases-2.0.27.tgz 39544ms (cache miss)
npm http fetch GET 200 https://registry.npmjs.org/deep-object-diff/-/deep-object-diff-1.1.9.tgz 39409ms (cache miss)
npm http fetch GET 200 https://registry.npmjs.org/cssesc/-/cssesc-3.0.0.tgz 39406ms (cache miss)
npm http fetch GET 200 https://registry.npmjs.org/dedent/-/dedent-1.7.1.tgz 39413ms (cache miss)
npm http fetch GET 200 https://registry.npmjs.org/picocolors/-/picocolors-1.1.1.tgz 39423ms (cache miss)
npm http fetch GET 200 https://registry.npmjs.org/css-what/-/css-what-6.2.2.tgz 39407ms (cache miss)
npm http fetch GET 200 https://registry.npmjs.org/deepmerge/-/deepmerge-4.3.1.tgz 39418ms (cache miss)
npm http fetch GET 200 https://registry.npmjs.org/modern-ahocorasick/-/modern-ahocorasick-1.1.0.tgz 39423ms (cache miss)
npm http fetch GET 200 https://registry.npmjs.org/signal-exit/-/signal-exit-4.1.0.tgz 41531ms (cache miss)
npm http fetch GET 200 https://registry.npmjs.org/@babel/template/-/template-7.27.2.tgz 40572ms (cache miss)
npm http fetch GET 200 https://registry.npmjs.org/@emotion/hash/-/hash-0.9.2.tgz 39777ms (cache miss)
npm http fetch GET 200 https://registry.npmjs.org/h3/-/h3-1.15.4.tgz 42091ms (cache miss)
npm http fetch GET 200 https://registry.npmjs.org/@walletconnect/relay-api/-/relay-api-1.0.11.tgz 41366ms (cache miss)
npm http fetch GET 200 https://registry.npmjs.org/browserslist/-/browserslist-4.28.1.tgz 40338ms (cache miss)
npm http fetch GET 200 https://registry.npmjs.org/@vanilla-extract/private/-/private-1.0.9.tgz 40336ms (cache miss)
npm http fetch GET 200 https://registry.npmjs.org/@jridgewell/remapping/-/remapping-2.3.5.tgz 40314ms (cache miss)
npm http fetch GET 200 https://registry.npmjs.org/@tailwindcss/oxide/-/oxide-4.1.18.tgz 40204ms (cache miss)
npm http fetch GET 200 https://registry.npmjs.org/@solana/rpc-types/-/rpc-types-3.0.3.tgz 43192ms (cache miss)
npm http fetch GET 200 https://registry.npmjs.org/d3-time-format/-/d3-time-format-4.1.0.tgz 42785ms (cache miss)
npm http fetch GET 200 https://registry.npmjs.org/@walletconnect/window-metadata/-/window-metadata-1.0.1.tgz 41896ms (cache miss)
npm http fetch GET 200 https://registry.npmjs.org/@alloc/quick-lru/-/quick-lru-5.2.0.tgz 40706ms (cache miss)
npm http fetch GET 200 https://registry.npmjs.org/@walletconnect/logger/-/logger-2.1.2.tgz 42370ms (cache miss)
npm http fetch GET 200 https://registry.npmjs.org/@types/phoenix/-/phoenix-1.6.7.tgz 41270ms (cache miss)
npm http fetch GET 200 https://registry.npmjs.org/cookie/-/cookie-1.1.1.tgz 41263ms (cache miss)
npm http fetch GET 200 https://registry.npmjs.org/@smithy/is-array-buffer/-/is-array-buffer-4.2.0.tgz 41259ms (cache miss)
npm http fetch GET 200 https://registry.npmjs.org/@solana/rpc-transformers/-/rpc-transformers-3.0.3.tgz 44270ms (cache miss)
npm http fetch GET 200 https://registry.npmjs.org/@walletconnect/window-getters/-/window-getters-1.0.1.tgz 42864ms (cache miss)
npm http fetch GET 200 https://registry.npmjs.org/events/-/events-3.3.0.tgz 42855ms (cache miss)
npm http fetch GET 200 https://registry.npmjs.org/@hey-api/client-fetch/-/client-fetch-0.10.0.tgz 42665ms (cache miss)
npm http fetch GET 200 https://registry.npmjs.org/@jridgewell/resolve-uri/-/resolve-uri-3.1.2.tgz 41894ms (cache miss)
npm http fetch GET 200 https://registry.npmjs.org/@types/ws/-/ws-8.18.1.tgz 41767ms (cache miss)
npm http fetch GET 200 https://registry.npmjs.org/@smithy/querystring-parser/-/querystring-parser-4.2.7.tgz 41773ms (cache miss)
npm http fetch GET 200 https://registry.npmjs.org/@smithy/util-uri-escape/-/util-uri-escape-4.2.0.tgz 41774ms (cache miss)
npm http fetch GET 200 https://registry.npmjs.org/@smithy/util-buffer-from/-/util-buffer-from-4.2.0.tgz 41777ms (cache miss)
npm http fetch GET 200 https://registry.npmjs.org/@smithy/abort-controller/-/abort-controller-4.2.7.tgz 41775ms (cache miss)
npm http fetch GET 200 https://registry.npmjs.org/node-mock-http/-/node-mock-http-1.0.4.tgz 44173ms (cache miss)
npm http fetch GET 200 https://registry.npmjs.org/scheduler/-/scheduler-0.23.2.tgz 42873ms (cache miss)
npm http fetch GET 200 https://registry.npmjs.org/@smithy/eventstream-serde-universal/-/eventstream-serde-universal-4.2.7.tgz 42332ms (cache miss)
npm http fetch GET 200 https://registry.npmjs.org/@smithy/uuid/-/uuid-1.1.0.tgz 42308ms (cache miss)
npm http fetch GET 200 https://registry.npmjs.org/@aws-crypto/crc32/-/crc32-5.2.0.tgz 42339ms (cache miss)
npm http fetch GET 200 https://registry.npmjs.org/@smithy/eventstream-codec/-/eventstream-codec-4.2.7.tgz 42338ms (cache miss)
npm http fetch GET 200 https://registry.npmjs.org/@smithy/util-config-provider/-/util-config-provider-4.2.0.tgz 42297ms (cache miss)
npm http fetch GET 200 https://registry.npmjs.org/@smithy/querystring-builder/-/querystring-builder-4.2.7.tgz 42330ms (cache miss)
npm http fetch GET 200 https://registry.npmjs.org/@walletconnect/safe-json/-/safe-json-1.0.2.tgz 44050ms (cache miss)
npm warn deprecated @hey-api/client-fetch@0.10.0: Starting with v0.73.0, this package is bundled directly inside @hey-api/openapi-ts.
npm http fetch GET 200 https://registry.npmjs.org/stylis/-/stylis-4.2.0.tgz 43803ms (cache miss)
npm http fetch GET 200 https://registry.npmjs.org/@walletconnect/heartbeat/-/heartbeat-1.2.2.tgz 44050ms (cache miss)
npm http fetch GET 200 https://registry.npmjs.org/@smithy/service-error-classification/-/service-error-classification-4.2.7.tgz 42896ms (cache miss)
npm http fetch GET 200 https://registry.npmjs.org/@smithy/util-hex-encoding/-/util-hex-encoding-4.2.0.tgz 42894ms (cache miss)
npm http fetch GET 200 https://registry.npmjs.org/@floating-ui/utils/-/utils-0.2.10.tgz 42751ms (cache miss)
npm http fetch GET 200 https://registry.npmjs.org/@vanilla-extract/dynamic/-/dynamic-2.1.4.tgz 42850ms (cache miss)
npm http fetch GET 200 https://registry.npmjs.org/@solana/instruction-plans/-/instruction-plans-3.0.3.tgz 45686ms (cache miss)
npm http fetch GET 200 https://registry.npmjs.org/@radix-ui/react-roving-focus/-/react-roving-focus-1.1.1.tgz 43138ms (cache miss)
npm http fetch GET 200 https://registry.npmjs.org/@floating-ui/react-dom/-/react-dom-2.1.6.tgz 43145ms (cache miss)
npm http fetch GET 200 https://registry.npmjs.org/@radix-ui/react-use-rect/-/react-use-rect-1.1.0.tgz 43149ms (cache miss)
npm http fetch GET 200 https://registry.npmjs.org/@radix-ui/rect/-/rect-1.1.0.tgz 43158ms (cache miss)
npm http fetch GET 200 https://registry.npmjs.org/@radix-ui/react-visually-hidden/-/react-visually-hidden-1.1.1.tgz 43162ms (cache miss)
npm http fetch GET 200 https://registry.npmjs.org/@radix-ui/number/-/number-1.1.0.tgz 43178ms (cache miss)
npm http fetch GET 200 https://registry.npmjs.org/@solana/codecs-numbers/-/codecs-numbers-3.0.3.tgz 47358ms (cache miss)
npm http fetch GET 200 https://registry.npmjs.org/@metamask/rpc-errors/-/rpc-errors-7.0.2.tgz 47036ms (cache miss)
npm http fetch GET 200 https://registry.npmjs.org/@radix-ui/react-arrow/-/react-arrow-1.1.1.tgz 44727ms (cache miss)
npm http fetch GET 200 https://registry.npmjs.org/aria-hidden/-/aria-hidden-1.2.6.tgz 44737ms (cache miss)
npm http fetch GET 200 https://registry.npmjs.org/react-remove-scroll/-/react-remove-scroll-2.7.2.tgz 44739ms (cache miss)
npm http fetch GET 200 https://registry.npmjs.org/@radix-ui/react-use-escape-keydown/-/react-use-escape-keydown-1.1.0.tgz 44749ms (cache miss)
npm http fetch GET 200 https://registry.npmjs.org/@radix-ui/react-portal/-/react-portal-1.1.3.tgz 44747ms (cache miss)
npm http fetch GET 200 https://registry.npmjs.org/decimal.js-light/-/decimal.js-light-2.5.1.tgz 46184ms (cache miss)
npm http fetch GET 200 https://registry.npmjs.org/tapable/-/tapable-2.3.0.tgz 45944ms (cache miss)
npm http fetch GET 200 https://registry.npmjs.org/electron-to-chromium/-/electron-to-chromium-1.5.267.tgz 45964ms (cache miss)
npm http fetch GET 200 https://registry.npmjs.org/@radix-ui/react-focus-guards/-/react-focus-guards-1.1.1.tgz 45602ms (cache miss)
npm http fetch GET 200 https://registry.npmjs.org/@radix-ui/react-dismissable-layer/-/react-dismissable-layer-1.1.3.tgz 45605ms (cache miss)
npm http fetch GET 200 https://registry.npmjs.org/@radix-ui/react-presence/-/react-presence-1.1.2.tgz 45601ms (cache miss)
npm http fetch GET 200 https://registry.npmjs.org/@radix-ui/react-use-controllable-state/-/react-use-controllable-state-1.1.0.tgz 45600ms (cache miss)
npm http fetch GET 200 https://registry.npmjs.org/@radix-ui/react-use-size/-/react-use-size-1.1.0.tgz 45604ms (cache miss)
npm http fetch GET 200 https://registry.npmjs.org/@tailwindcss/node/-/node-4.1.18.tgz 46530ms (cache miss)
npm http fetch GET 200 https://registry.npmjs.org/@radix-ui/react-use-layout-effect/-/react-use-layout-effect-1.1.0.tgz 46370ms (cache miss)
npm http fetch GET 200 https://registry.npmjs.org/@radix-ui/react-id/-/react-id-1.1.0.tgz 46370ms (cache miss)
npm http fetch GET 200 https://registry.npmjs.org/@radix-ui/react-use-callback-ref/-/react-use-callback-ref-1.1.0.tgz 46373ms (cache miss)
npm http fetch GET 200 https://registry.npmjs.org/@radix-ui/react-compose-refs/-/react-compose-refs-1.1.1.tgz 46372ms (cache miss)
npm http fetch GET 200 https://registry.npmjs.org/@radix-ui/react-primitive/-/react-primitive-2.0.1.tgz 46376ms (cache miss)
npm http fetch GET 200 https://registry.npmjs.org/@radix-ui/react-direction/-/react-direction-1.1.0.tgz 46376ms (cache miss)
npm http fetch GET 200 https://registry.npmjs.org/@radix-ui/react-focus-scope/-/react-focus-scope-1.1.1.tgz 46957ms (cache miss)
npm http fetch GET 200 https://registry.npmjs.org/@radix-ui/react-use-previous/-/react-use-previous-1.1.0.tgz 46956ms (cache miss)
npm http fetch GET 200 https://registry.npmjs.org/@radix-ui/react-context/-/react-context-1.1.1.tgz 47137ms (cache miss)
npm http fetch GET 200 https://registry.npmjs.org/@radix-ui/react-collection/-/react-collection-1.1.1.tgz 47132ms (cache miss)
npm http fetch GET 200 https://registry.npmjs.org/@radix-ui/primitive/-/primitive-1.1.1.tgz 47632ms (cache miss)
npm http fetch GET 200 https://registry.npmjs.org/cosmiconfig/-/cosmiconfig-7.1.0.tgz 49548ms (cache miss)
npm http fetch GET 200 https://registry.npmjs.org/toml/-/toml-3.0.0.tgz 48905ms (cache miss)
npm http fetch GET 200 https://registry.npmjs.org/baseline-browser-mapping/-/baseline-browser-mapping-2.9.10.tgz 48388ms (cache miss)
npm http fetch GET 200 https://registry.npmjs.org/@radix-ui/react-popper/-/react-popper-1.2.1.tgz 47926ms (cache miss)
npm http fetch GET 200 https://registry.npmjs.org/@aws-sdk/token-providers/-/token-providers-3.955.0.tgz 48084ms (cache miss)
npm http fetch GET 200 https://registry.npmjs.org/@aws-sdk/credential-provider-login/-/credential-provider-login-3.955.0.tgz 48089ms (cache miss)
npm http fetch GET 200 https://registry.npmjs.org/@aws/lambda-invoke-store/-/lambda-invoke-store-0.2.2.tgz 48093ms (cache miss)
npm http fetch GET 200 https://registry.npmjs.org/@aws-sdk/credential-provider-http/-/credential-provider-http-3.954.0.tgz 48078ms (cache miss)
npm http fetch GET 200 https://registry.npmjs.org/@smithy/shared-ini-file-loader/-/shared-ini-file-loader-4.4.2.tgz 48088ms (cache miss)
npm http fetch GET 200 https://registry.npmjs.org/@aws-sdk/credential-provider-cognito-identity/-/credential-provider-cognito-identity-3.955.0.tgz 48095ms (cache miss)
npm http fetch GET 200 https://registry.npmjs.org/@aws-sdk/credential-provider-process/-/credential-provider-process-3.954.0.tgz 48087ms (cache miss)
npm http fetch GET 200 https://registry.npmjs.org/ua-parser-js/-/ua-parser-js-1.0.41.tgz 48947ms (cache miss)
npm http fetch GET 200 https://registry.npmjs.org/@aws-sdk/credential-provider-ini/-/credential-provider-ini-3.955.0.tgz 48719ms (cache miss)
npm http fetch GET 200 https://registry.npmjs.org/@aws-sdk/credential-provider-sso/-/credential-provider-sso-3.955.0.tgz 48717ms (cache miss)
npm http fetch GET 200 https://registry.npmjs.org/@walletconnect/events/-/events-1.0.1.tgz 50737ms (cache miss)
npm http fetch GET 200 https://registry.npmjs.org/@aws-sdk/xml-builder/-/xml-builder-3.953.0.tgz 49237ms (cache miss)
npm http fetch GET 200 https://registry.npmjs.org/@smithy/util-middleware/-/util-middleware-4.2.7.tgz 49233ms (cache miss)
npm http fetch GET 200 https://registry.npmjs.org/@smithy/util-utf8/-/util-utf8-4.2.0.tgz 49240ms (cache miss)
npm http fetch GET 200 https://registry.npmjs.org/@emotion/babel-plugin/-/babel-plugin-11.13.5.tgz 50894ms (cache miss)
npm http fetch GET 200 https://registry.npmjs.org/iceberg-js/-/iceberg-js-0.8.1.tgz 50145ms (cache miss)
npm http fetch GET 200 https://registry.npmjs.org/@aws-sdk/util-locate-window/-/util-locate-window-3.953.0.tgz 49836ms (cache miss)
npm http fetch GET 200 https://registry.npmjs.org/@smithy/util-retry/-/util-retry-4.2.7.tgz 49837ms (cache miss)
npm http fetch GET 200 https://registry.npmjs.org/@aws-crypto/supports-web-crypto/-/supports-web-crypto-5.2.0.tgz 49842ms (cache miss)
npm http fetch GET 200 https://registry.npmjs.org/@smithy/util-defaults-mode-browser/-/util-defaults-mode-browser-4.3.16.tgz 49760ms (cache miss)
npm http fetch GET 200 https://registry.npmjs.org/cuer/-/cuer-0.0.3.tgz 50644ms (cache miss)
npm http fetch GET 200 https://registry.npmjs.org/@smithy/util-body-length-browser/-/util-body-length-browser-4.2.0.tgz 50308ms (cache miss)
npm http fetch GET 200 https://registry.npmjs.org/@smithy/url-parser/-/url-parser-4.2.7.tgz 50312ms (cache miss)
npm http fetch GET 200 https://registry.npmjs.org/@smithy/node-config-provider/-/node-config-provider-4.3.7.tgz 50290ms (cache miss)
npm http fetch GET 200 https://registry.npmjs.org/@smithy/util-body-length-node/-/util-body-length-node-4.2.1.tgz 51203ms (cache miss)
npm http fetch GET 200 https://registry.npmjs.org/@smithy/middleware-endpoint/-/middleware-endpoint-4.4.1.tgz 51176ms (cache miss)
npm http fetch GET 200 https://registry.npmjs.org/@smithy/middleware-serde/-/middleware-serde-4.2.8.tgz 51167ms (cache miss)
npm http fetch GET 200 https://registry.npmjs.org/@smithy/eventstream-serde-node/-/eventstream-serde-node-4.2.7.tgz 51176ms (cache miss)
npm http fetch GET 200 https://registry.npmjs.org/@smithy/invalid-dependency/-/invalid-dependency-4.2.7.tgz 51183ms (cache miss)
npm http fetch GET 200 https://registry.npmjs.org/@floating-ui/dom/-/dom-1.7.4.tgz 51839ms (cache miss)
npm http fetch GET 200 https://registry.npmjs.org/@aws-sdk/util-user-agent-browser/-/util-user-agent-browser-3.953.0.tgz 51538ms (cache miss)
npm http fetch GET 200 https://registry.npmjs.org/@aws-sdk/util-user-agent-node/-/util-user-agent-node-3.954.0.tgz 51546ms (cache miss)
npm http fetch GET 200 https://registry.npmjs.org/@smithy/middleware-content-length/-/middleware-content-length-4.2.7.tgz 51589ms (cache miss)
npm http fetch GET 200 https://registry.npmjs.org/@smithy/config-resolver/-/config-resolver-4.4.5.tgz 51555ms (cache miss)
npm http fetch GET 200 https://registry.npmjs.org/sonic-boom/-/sonic-boom-4.2.0.tgz 52961ms (cache miss)
npm http fetch GET 200 https://registry.npmjs.org/@img/sharp-linux-x64/-/sharp-linux-x64-0.34.5.tgz 53366ms (cache miss)
npm http fetch GET 200 https://registry.npmjs.org/source-map-js/-/source-map-js-1.2.1.tgz 52770ms (cache miss)
npm http fetch GET 200 https://registry.npmjs.org/@aws-sdk/middleware-host-header/-/middleware-host-header-3.953.0.tgz 52102ms (cache miss)
npm http fetch GET 200 https://registry.npmjs.org/@aws-sdk/middleware-logger/-/middleware-logger-3.953.0.tgz 52199ms (cache miss)
npm http fetch GET 200 https://registry.npmjs.org/@aws-sdk/region-config-resolver/-/region-config-resolver-3.953.0.tgz 52204ms (cache miss)
npm http fetch GET 200 https://registry.npmjs.org/@aws-sdk/types/-/types-3.953.0.tgz 52212ms (cache miss)
npm http fetch GET 200 https://registry.npmjs.org/@smithy/eventstream-serde-config-resolver/-/eventstream-serde-config-resolver-4.3.7.tgz 52243ms (cache miss)
npm http fetch GET 200 https://registry.npmjs.org/@walletconnect/environment/-/environment-1.0.1.tgz 54483ms (cache miss)
npm http fetch GET 200 https://registry.npmjs.org/@smithy/util-defaults-mode-node/-/util-defaults-mode-node-4.2.19.tgz 52795ms (cache miss)
npm http fetch GET 200 https://registry.npmjs.org/@passwordless-id/webauthn/-/webauthn-2.3.1.tgz 54322ms (cache miss)
npm http fetch GET 200 https://registry.npmjs.org/ws/-/ws-8.18.3.tgz 53555ms (cache miss)
npm http fetch GET 200 https://registry.npmjs.org/@aws-sdk/credential-provider-web-identity/-/credential-provider-web-identity-3.955.0.tgz 53245ms (cache miss)
npm http fetch GET 200 https://registry.npmjs.org/use-sync-external-store/-/use-sync-external-store-1.6.0.tgz 53009ms (cache miss)
npm http fetch GET 200 https://registry.npmjs.org/tailwindcss-animate/-/tailwindcss-animate-1.0.7.tgz 53011ms (cache miss)
npm http fetch GET 200 https://registry.npmjs.org/tw-animate-css/-/tw-animate-css-1.3.3.tgz 53015ms (cache miss)
npm http fetch GET 200 https://registry.npmjs.org/fast-copy/-/fast-copy-4.0.2.tgz 54482ms (cache miss)
npm http fetch GET 200 https://registry.npmjs.org/fraction.js/-/fraction.js-5.3.4.tgz 54380ms (cache miss)
npm http fetch GET 200 https://registry.npmjs.org/@radix-ui/react-menu/-/react-menu-2.1.4.tgz 54018ms (cache miss)
npm http fetch GET 200 https://registry.npmjs.org/@floating-ui/core/-/core-1.7.3.tgz 54036ms (cache miss)
npm http fetch GET 200 https://registry.npmjs.org/tslib/-/tslib-2.8.1.tgz 53892ms (cache miss)
npm http fetch GET 200 https://registry.npmjs.org/fuse.js/-/fuse.js-7.1.0.tgz 55863ms (cache miss)
npm http fetch GET 200 https://registry.npmjs.org/recharts-scale/-/recharts-scale-0.4.5.tgz 55649ms (cache miss)
npm http fetch GET 200 https://registry.npmjs.org/next-themes/-/next-themes-0.4.6.tgz 54479ms (cache miss)
npm http fetch GET 200 https://registry.npmjs.org/clsx/-/clsx-2.1.1.tgz 54370ms (cache miss)
npm http fetch GET 200 https://registry.npmjs.org/@ethereumjs/tx/-/tx-4.2.0.tgz 58292ms (cache miss)
npm http fetch GET 200 https://registry.npmjs.org/@gemini-wallet/core/-/core-0.3.1.tgz 58806ms (cache miss)
npm http fetch GET 200 https://registry.npmjs.org/class-variance-authority/-/class-variance-authority-0.7.1.tgz 55986ms (cache miss)
npm http fetch GET 200 https://registry.npmjs.org/@types/react-dom/-/react-dom-19.2.3.tgz 55966ms (cache miss)
npm http fetch GET 200 https://registry.npmjs.org/uuid/-/uuid-8.3.2.tgz 59591ms (cache miss)
npm http fetch GET 200 https://registry.npmjs.org/@jridgewell/sourcemap-codec/-/sourcemap-codec-1.5.5.tgz 57397ms (cache miss)
npm http fetch GET 200 https://registry.npmjs.org/@smithy/middleware-stack/-/middleware-stack-4.2.7.tgz 56819ms (cache miss)
npm http fetch GET 200 https://registry.npmjs.org/@tailwindcss/postcss/-/postcss-4.1.18.tgz 56550ms (cache miss)
npm http fetch GET 200 https://registry.npmjs.org/@radix-ui/react-toggle-group/-/react-toggle-group-1.1.1.tgz 56551ms (cache miss)
npm http fetch GET 200 https://registry.npmjs.org/@radix-ui/react-switch/-/react-switch-1.1.2.tgz 56571ms (cache miss)
npm http fetch GET 200 https://registry.npmjs.org/@reown/appkit-wallet/-/appkit-wallet-1.7.8.tgz 60902ms (cache miss)
npm http fetch GET 200 https://registry.npmjs.org/cmdk/-/cmdk-1.0.4.tgz 57301ms (cache miss)
npm http fetch GET 200 https://registry.npmjs.org/@safe-global/safe-gateway-typescript-sdk/-/safe-gateway-typescript-sdk-3.23.1.tgz 61117ms (cache miss)
npm http fetch GET 200 https://registry.npmjs.org/@emnapi/runtime/-/runtime-1.7.1.tgz 59440ms (cache miss)
npm http fetch GET 200 https://registry.npmjs.org/@smithy/fetch-http-handler/-/fetch-http-handler-5.3.8.tgz 58230ms (cache miss)
npm http fetch GET 200 https://registry.npmjs.org/input-otp/-/input-otp-1.4.1.tgz 58060ms (cache miss)
npm http fetch GET 200 https://registry.npmjs.org/@radix-ui/react-tabs/-/react-tabs-1.1.2.tgz 57953ms (cache miss)
npm http fetch GET 200 https://registry.npmjs.org/@radix-ui/react-slot/-/react-slot-1.1.1.tgz 57955ms (cache miss)
npm http fetch GET 200 https://registry.npmjs.org/@radix-ui/react-toggle/-/react-toggle-1.1.1.tgz 57962ms (cache miss)
npm http fetch GET 200 https://registry.npmjs.org/ethereum-cryptography/-/ethereum-cryptography-2.2.1.tgz 61654ms (cache miss)
npm http fetch GET 200 https://registry.npmjs.org/@jridgewell/gen-mapping/-/gen-mapping-0.3.13.tgz 59341ms (cache miss)
npm http fetch GET 200 https://registry.npmjs.org/@radix-ui/react-separator/-/react-separator-1.1.1.tgz 58384ms (cache miss)
npm http fetch GET 200 https://registry.npmjs.org/@radix-ui/react-radio-group/-/react-radio-group-1.2.2.tgz 58391ms (cache miss)
npm http fetch GET 200 https://registry.npmjs.org/d3-array/-/d3-array-3.2.4.tgz 61833ms (cache miss)
npm http fetch GET 200 https://registry.npmjs.org/magic-string/-/magic-string-0.30.21.tgz 59846ms (cache miss)
npm http fetch GET 200 https://registry.npmjs.org/bowser/-/bowser-2.13.1.tgz 59419ms (cache miss)
npm http fetch GET 200 https://registry.npmjs.org/@smithy/eventstream-serde-browser/-/eventstream-serde-browser-4.2.7.tgz 59130ms (cache miss)
npm http fetch GET 200 https://registry.npmjs.org/vaul/-/vaul-1.1.2.tgz 59143ms (cache miss)
npm http fetch GET 200 https://registry.npmjs.org/@radix-ui/react-progress/-/react-progress-1.1.1.tgz 58972ms (cache miss)
npm http fetch GET 200 https://registry.npmjs.org/@radix-ui/react-label/-/react-label-2.1.1.tgz 58840ms (cache miss)
npm http fetch GET 200 https://registry.npmjs.org/@radix-ui/react-dropdown-menu/-/react-dropdown-menu-2.1.4.tgz 58842ms (cache miss)
npm http fetch GET 200 https://registry.npmjs.org/@radix-ui/react-collapsible/-/react-collapsible-1.1.2.tgz 58841ms (cache miss)
npm http fetch GET 200 https://registry.npmjs.org/fast-equals/-/fast-equals-5.4.0.tgz 60876ms (cache miss)
npm http fetch GET 200 https://registry.npmjs.org/@radix-ui/react-popover/-/react-popover-1.1.4.tgz 59571ms (cache miss)
npm http fetch GET 200 https://registry.npmjs.org/@radix-ui/react-checkbox/-/react-checkbox-1.1.3.tgz 59432ms (cache miss)
npm http fetch GET 200 https://registry.npmjs.org/@radix-ui/react-aspect-ratio/-/react-aspect-ratio-1.1.1.tgz 59430ms (cache miss)
npm http fetch GET 200 https://registry.npmjs.org/@walletconnect/keyvaluestorage/-/keyvaluestorage-1.1.1.tgz 62155ms (cache miss)
npm http fetch GET 200 https://registry.npmjs.org/@radix-ui/react-alert-dialog/-/react-alert-dialog-1.1.4.tgz 60174ms (cache miss)
npm http fetch GET 200 https://registry.npmjs.org/@radix-ui/react-avatar/-/react-avatar-1.1.2.tgz 60194ms (cache miss)
npm http fetch GET 200 https://registry.npmjs.org/@aws-sdk/credential-provider-env/-/credential-provider-env-3.954.0.tgz 60190ms (cache miss)
npm http fetch GET 200 https://registry.npmjs.org/fast-stable-stringify/-/fast-stable-stringify-1.0.0.tgz 64203ms (cache miss)
npm http fetch GET 200 https://registry.npmjs.org/@smithy/property-provider/-/property-provider-4.2.7.tgz 61256ms (cache miss)
npm http fetch GET 200 https://registry.npmjs.org/@aws-sdk/middleware-user-agent/-/middleware-user-agent-3.954.0.tgz 61121ms (cache miss)
npm http fetch GET 200 https://registry.npmjs.org/@aws-sdk/credential-provider-node/-/credential-provider-node-3.955.0.tgz 61025ms (cache miss)
npm http fetch GET 200 https://registry.npmjs.org/@radix-ui/react-tooltip/-/react-tooltip-1.1.6.tgz 60823ms (cache miss)
npm http fetch GET 200 https://registry.npmjs.org/@radix-ui/react-slider/-/react-slider-1.2.2.tgz 60822ms (cache miss)
npm http fetch GET 200 https://registry.npmjs.org/ansi-regex/-/ansi-regex-5.0.1.tgz 60511ms (cache miss)
npm http fetch GET 200 https://registry.npmjs.org/strip-ansi/-/strip-ansi-6.0.1.tgz 60511ms (cache miss)
npm http fetch GET 200 https://registry.npmjs.org/string-width/-/string-width-4.2.3.tgz 60520ms (cache miss)
npm http fetch GET 200 https://registry.npmjs.org/@aws-crypto/sha256-browser/-/sha256-browser-5.2.0.tgz 60551ms (cache miss)
npm http fetch GET 200 https://registry.npmjs.org/emoji-regex/-/emoji-regex-8.0.0.tgz 60516ms (cache miss)
npm http fetch GET 200 https://registry.npmjs.org/crossws/-/crossws-0.3.5.tgz 64110ms (cache miss)
npm http fetch GET 200 https://registry.npmjs.org/qr/-/qr-0.5.3.tgz 62398ms (cache miss)
npm http fetch GET 200 https://registry.npmjs.org/@vanilla-extract/sprinkles/-/sprinkles-1.6.4.tgz 62035ms (cache miss)
npm http fetch GET 200 https://registry.npmjs.org/@radix-ui/react-accordion/-/react-accordion-1.2.2.tgz 61163ms (cache miss)
npm http fetch GET 200 https://registry.npmjs.org/@smithy/hash-node/-/hash-node-4.2.7.tgz 61156ms (cache miss)
npm http fetch GET 200 https://registry.npmjs.org/@radix-ui/react-dialog/-/react-dialog-1.1.4.tgz 61161ms (cache miss)
npm http fetch GET 200 https://registry.npmjs.org/@radix-ui/react-use-layout-effect/-/react-use-layout-effect-1.1.1.tgz 61038ms (cache miss)
npm http fetch GET 200 https://registry.npmjs.org/debug/-/debug-4.3.7.tgz 60993ms (cache miss)
npm http fetch GET 200 https://registry.npmjs.org/qrcode/-/qrcode-1.5.3.tgz 63534ms (cache miss)
npm http fetch GET 200 https://registry.npmjs.org/undici-types/-/undici-types-6.21.0.tgz 62898ms (cache miss)
npm http fetch GET 200 https://registry.npmjs.org/@smithy/util-base64/-/util-base64-4.3.0.tgz 62347ms (cache miss)
npm http fetch GET 200 https://registry.npmjs.org/@radix-ui/react-toast/-/react-toast-1.2.4.tgz 61984ms (cache miss)
npm http fetch GET 200 https://registry.npmjs.org/@radix-ui/react-context-menu/-/react-context-menu-2.2.4.tgz 61870ms (cache miss)
npm http fetch GET 200 https://registry.npmjs.org/@radix-ui/react-hover-card/-/react-hover-card-1.1.4.tgz 61868ms (cache miss)
npm http fetch GET 200 https://registry.npmjs.org/pify/-/pify-5.0.0.tgz 61666ms (cache miss)
npm http fetch GET 200 https://registry.npmjs.org/@metamask/safe-event-emitter/-/safe-event-emitter-2.0.0.tgz 61685ms (cache miss)
npm http fetch GET 200 https://registry.npmjs.org/@aws-sdk/middleware-recursion-detection/-/middleware-recursion-detection-3.953.0.tgz 62870ms (cache miss)
npm http fetch GET 200 https://registry.npmjs.org/use-sync-external-store/-/use-sync-external-store-1.2.0.tgz 62333ms (cache miss)
npm http fetch GET 200 https://registry.npmjs.org/@solana/signers/-/signers-3.0.3.tgz 66465ms (cache miss)
npm http fetch GET 200 https://registry.npmjs.org/@ethereumjs/util/-/util-8.1.0.tgz 66303ms (cache miss)
npm http fetch GET 200 https://registry.npmjs.org/@metamask/json-rpc-engine/-/json-rpc-engine-8.0.2.tgz 66166ms (cache miss)
npm http fetch GET 200 https://registry.npmjs.org/lightningcss/-/lightningcss-1.30.2.tgz 63941ms (cache miss)
npm http fetch GET 200 https://registry.npmjs.org/@radix-ui/react-scroll-area/-/react-scroll-area-1.2.2.tgz 63073ms (cache miss)
npm http fetch GET 200 https://registry.npmjs.org/@radix-ui/react-menubar/-/react-menubar-1.1.4.tgz 62950ms (cache miss)
npm http fetch GET 200 https://registry.npmjs.org/ansi-regex/-/ansi-regex-5.0.1.tgz 62810ms (cache miss)
npm http fetch GET 200 https://registry.npmjs.org/strip-ansi/-/strip-ansi-6.0.1.tgz 62775ms (cache miss)
npm http fetch GET 200 https://registry.npmjs.org/string-width/-/string-width-4.2.3.tgz 62761ms (cache miss)
npm http fetch GET 200 https://registry.npmjs.org/emoji-regex/-/emoji-regex-8.0.0.tgz 62766ms (cache miss)
npm http fetch GET 200 https://registry.npmjs.org/isows/-/isows-1.0.6.tgz 62721ms (cache miss)
npm http fetch GET 200 https://registry.npmjs.org/@scure/bip32/-/bip32-1.6.2.tgz 62719ms (cache miss)
npm http fetch GET 200 https://registry.npmjs.org/@solana/codecs-core/-/codecs-core-3.0.3.tgz 66981ms (cache miss)
npm http fetch GET 200 https://registry.npmjs.org/semver/-/semver-7.7.3.tgz 65192ms (cache miss)
npm http fetch GET 200 https://registry.npmjs.org/media-query-parser/-/media-query-parser-2.0.2.tgz 64663ms (cache miss)
npm http fetch GET 200 https://registry.npmjs.org/debug/-/debug-4.3.7.tgz 63423ms (cache miss)
npm http fetch GET 200 https://registry.npmjs.org/@emotion/cache/-/cache-11.14.0.tgz 66505ms (cache miss)
npm http fetch GET 200 https://registry.npmjs.org/@smithy/util-waiter/-/util-waiter-4.2.7.tgz 65245ms (cache miss)
npm http fetch GET 200 https://registry.npmjs.org/sonner/-/sonner-1.7.4.tgz 64996ms (cache miss)
npm http fetch GET 200 https://registry.npmjs.org/@adraffy/ens-normalize/-/ens-normalize-1.10.1.tgz 66489ms (cache miss)
npm http fetch GET 200 https://registry.npmjs.org/@radix-ui/react-navigation-menu/-/react-navigation-menu-1.2.3.tgz 65389ms (cache miss)
npm http fetch GET 200 https://registry.npmjs.org/isows/-/isows-1.0.6.tgz 64944ms (cache miss)
npm http fetch GET 200 https://registry.npmjs.org/isows/-/isows-1.0.6.tgz 64910ms (cache miss)
npm http fetch GET 200 https://registry.npmjs.org/@scure/bip32/-/bip32-1.6.2.tgz 64950ms (cache miss)
npm http fetch GET 200 https://registry.npmjs.org/@scure/bip32/-/bip32-1.6.2.tgz 64784ms (cache miss)
npm http fetch GET 200 https://registry.npmjs.org/@types/ws/-/ws-7.4.7.tgz 64814ms (cache miss)
npm http fetch GET 200 https://registry.npmjs.org/d3-shape/-/d3-shape-3.2.0.tgz 68983ms (cache miss)
npm http fetch GET 200 https://registry.npmjs.org/node-fetch-native/-/node-fetch-native-1.6.7.tgz 68847ms (cache miss)
npm http fetch GET 200 https://registry.npmjs.org/yargs/-/yargs-15.4.1.tgz 68638ms (cache miss)
npm http fetch GET 200 https://registry.npmjs.org/react-smooth/-/react-smooth-4.0.4.tgz 67449ms (cache miss)
npm http fetch GET 200 https://registry.npmjs.org/commander/-/commander-2.20.3.tgz 65857ms (cache miss)
npm http fetch GET 200 https://registry.npmjs.org/bs58/-/bs58-4.0.1.tgz 65865ms (cache miss)
npm http fetch GET 200 https://registry.npmjs.org/base-x/-/base-x-3.0.11.tgz 65882ms (cache miss)
npm http fetch GET 200 https://registry.npmjs.org/lit-element/-/lit-element-4.2.1.tgz 71087ms (cache miss)
npm http fetch GET 200 https://registry.npmjs.org/isarray/-/isarray-1.0.0.tgz 66636ms (cache miss)
npm http fetch GET 200 https://registry.npmjs.org/string_decoder/-/string_decoder-1.1.1.tgz 66642ms (cache miss)
npm http fetch GET 200 https://registry.npmjs.org/debug/-/debug-4.3.7.tgz 67095ms (cache miss)
npm http fetch GET 200 https://registry.npmjs.org/safe-buffer/-/safe-buffer-5.1.2.tgz 67103ms (cache miss)
npm http fetch GET 200 https://registry.npmjs.org/@radix-ui/react-select/-/react-select-2.1.4.tgz 68176ms (cache miss)
npm http fetch GET 200 https://registry.npmjs.org/bs58/-/bs58-4.0.1.tgz 67407ms (cache miss)
npm http fetch GET 200 https://registry.npmjs.org/base-x/-/base-x-3.0.11.tgz 67417ms (cache miss)
npm http fetch GET 200 https://registry.npmjs.org/ms/-/ms-2.1.2.tgz 67430ms (cache miss)
npm http fetch GET 200 https://registry.npmjs.org/debug/-/debug-4.3.4.tgz 67430ms (cache miss)
npm http fetch GET 200 https://registry.npmjs.org/@smithy/protocol-http/-/protocol-http-5.3.7.tgz 69011ms (cache miss)
npm http fetch GET 200 https://registry.npmjs.org/embla-carousel-react/-/embla-carousel-react-8.5.1.tgz 68567ms (cache miss)
npm http fetch GET 200 https://registry.npmjs.org/uint8arrays/-/uint8arrays-3.1.1.tgz 71144ms (cache miss)
npm http fetch GET 200 https://registry.npmjs.org/use-sidecar/-/use-sidecar-1.1.3.tgz 70471ms (cache miss)
npm http fetch GET 200 https://registry.npmjs.org/clsx/-/clsx-1.2.1.tgz 68325ms (cache miss)
npm http fetch GET 200 https://registry.npmjs.org/isows/-/isows-1.0.6.tgz 68343ms (cache miss)
npm http fetch GET 200 https://registry.npmjs.org/@scure/bip32/-/bip32-1.6.2.tgz 68265ms (cache miss)
npm http fetch GET 200 https://registry.npmjs.org/keccak/-/keccak-3.0.4.tgz 73265ms (cache miss)
npm http fetch GET 200 https://registry.npmjs.org/@scure/bip32/-/bip32-1.4.0.tgz 69024ms (cache miss)
npm http fetch GET 200 https://registry.npmjs.org/ms/-/ms-2.1.2.tgz 69152ms (cache miss)
npm http fetch GET 200 https://registry.npmjs.org/debug/-/debug-4.3.4.tgz 69155ms (cache miss)
npm http fetch GET 200 https://registry.npmjs.org/idb-keyval/-/idb-keyval-6.2.1.tgz 69164ms (cache miss)
npm http fetch GET 200 https://registry.npmjs.org/ansi-regex/-/ansi-regex-5.0.1.tgz 69496ms (cache miss)
npm http fetch GET 200 https://registry.npmjs.org/idb-keyval/-/idb-keyval-6.2.2.tgz 73080ms (cache miss)
npm http fetch GET 200 https://registry.npmjs.org/react-transition-group/-/react-transition-group-4.4.5.tgz 72429ms (cache miss)
npm http fetch GET 200 https://registry.npmjs.org/@aws-crypto/util/-/util-5.2.0.tgz 71457ms (cache miss)
npm http fetch GET 200 https://registry.npmjs.org/react/-/react-18.3.1.tgz 71257ms (cache miss)
npm http fetch GET 200 https://registry.npmjs.org/clsx/-/clsx-1.2.1.tgz 70161ms (cache miss)
npm http fetch GET 200 https://registry.npmjs.org/clsx/-/clsx-1.2.1.tgz 70061ms (cache miss)
npm http fetch GET 200 https://registry.npmjs.org/strip-ansi/-/strip-ansi-6.0.1.tgz 70092ms (cache miss)
npm http fetch GET 200 https://registry.npmjs.org/emoji-regex/-/emoji-regex-8.0.0.tgz 70092ms (cache miss)
npm http fetch GET 200 https://registry.npmjs.org/string-width/-/string-width-4.2.3.tgz 70093ms (cache miss)
npm http fetch GET 200 https://registry.npmjs.org/@metamask/superstruct/-/superstruct-3.2.1.tgz 74744ms (cache miss)
npm http fetch GET 200 https://registry.npmjs.org/source-map/-/source-map-0.5.7.tgz 73272ms (cache miss)
npm http fetch GET 200 https://registry.npmjs.org/tslib/-/tslib-1.14.1.tgz 70502ms (cache miss)
npm http fetch GET 200 https://registry.npmjs.org/is-unicode-supported/-/is-unicode-supported-1.3.0.tgz 70508ms (cache miss)
npm http fetch GET 200 https://registry.npmjs.org/on-exit-leak-free/-/on-exit-leak-free-0.2.0.tgz 70507ms (cache miss)
npm http fetch GET 200 https://registry.npmjs.org/ws/-/ws-8.17.1.tgz 71632ms (cache miss)
npm http fetch GET 200 https://registry.npmjs.org/idb-keyval/-/idb-keyval-6.2.1.tgz 70973ms (cache miss)
npm http fetch GET 200 https://registry.npmjs.org/sonic-boom/-/sonic-boom-2.8.0.tgz 71051ms (cache miss)
npm http fetch GET 200 https://registry.npmjs.org/ws/-/ws-8.18.0.tgz 72161ms (cache miss)
npm http fetch GET 200 https://registry.npmjs.org/@scure/bip39/-/bip39-1.6.0.tgz 75200ms (cache miss)
npm http fetch GET 200 https://registry.npmjs.org/@jridgewell/trace-mapping/-/trace-mapping-0.3.31.tgz 73547ms (cache miss)
npm http fetch GET 200 https://registry.npmjs.org/react-is/-/react-is-16.13.1.tgz 71504ms (cache miss)
npm http fetch GET 200 https://registry.npmjs.org/ws/-/ws-8.18.0.tgz 72683ms (cache miss)
npm http fetch GET 200 https://registry.npmjs.org/@walletconnect/relay-auth/-/relay-auth-1.1.0.tgz 75582ms (cache miss)
npm http fetch GET 200 https://registry.npmjs.org/ws/-/ws-7.5.10.tgz 73025ms (cache miss)
npm http fetch GET 200 https://registry.npmjs.org/tslib/-/tslib-1.14.1.tgz 72641ms (cache miss)
npm http fetch GET 200 https://registry.npmjs.org/tslib/-/tslib-1.14.1.tgz 72525ms (cache miss)
npm http fetch GET 200 https://registry.npmjs.org/tslib/-/tslib-1.14.1.tgz 72535ms (cache miss)
npm http fetch GET 200 https://registry.npmjs.org/tslib/-/tslib-1.14.1.tgz 72536ms (cache miss)
npm http fetch GET 200 https://registry.npmjs.org/tslib/-/tslib-1.14.1.tgz 72665ms (cache miss)
npm http fetch GET 200 https://registry.npmjs.org/tslib/-/tslib-1.14.1.tgz 72670ms (cache miss)
npm http fetch GET 200 https://registry.npmjs.org/@solana/promises/-/promises-2.3.0.tgz 72571ms (cache miss)
npm http fetch GET 200 https://registry.npmjs.org/@solana/fast-stable-stringify/-/fast-stable-stringify-2.3.0.tgz 72573ms (cache miss)
npm http fetch GET 200 https://registry.npmjs.org/ws/-/ws-8.18.0.tgz 73585ms (cache miss)
npm http fetch GET 200 https://registry.npmjs.org/pino-abstract-transport/-/pino-abstract-transport-0.5.0.tgz 73062ms (cache miss)
npm http fetch GET 200 https://registry.npmjs.org/@smithy/signature-v4/-/signature-v4-5.3.7.tgz 74978ms (cache miss)
npm http fetch GET 200 https://registry.npmjs.org/superstruct/-/superstruct-1.0.4.tgz 74217ms (cache miss)
npm http fetch GET 200 https://registry.npmjs.org/@scure/base/-/base-1.1.9.tgz 73918ms (cache miss)
npm http fetch GET 200 https://registry.npmjs.org/sharp/-/sharp-0.34.5.tgz 75987ms (cache miss)
npm http fetch GET 200 https://registry.npmjs.org/@supabase/functions-js/-/functions-js-2.89.0.tgz 75666ms (cache miss)
npm http fetch GET 200 https://registry.npmjs.org/superstruct/-/superstruct-1.0.4.tgz 74546ms (cache miss)
npm http fetch GET 200 https://registry.npmjs.org/cross-fetch/-/cross-fetch-4.1.0.tgz 74022ms (cache miss)
npm http fetch GET 200 https://registry.npmjs.org/@solana/rpc-parsed-types/-/rpc-parsed-types-2.3.0.tgz 73752ms (cache miss)
npm http fetch GET 200 https://registry.npmjs.org/@walletconnect/types/-/types-2.21.8.tgz 77253ms (cache miss)
npm http fetch GET 200 https://registry.npmjs.org/@solana/rpc-spec-types/-/rpc-spec-types-2.3.0.tgz 74038ms (cache miss)
npm http fetch GET 200 https://registry.npmjs.org/@solana/programs/-/programs-2.3.0.tgz 74042ms (cache miss)
npm http fetch GET 200 https://registry.npmjs.org/@solana/instructions/-/instructions-2.3.0.tgz 73902ms (cache miss)
npm http fetch GET 200 https://registry.npmjs.org/@vercel/analytics/-/analytics-1.3.1.tgz 75551ms (cache miss)
npm http fetch GET 200 https://registry.npmjs.org/@metamask/json-rpc-engine/-/json-rpc-engine-7.3.3.tgz 75194ms (cache miss)
npm http fetch GET 200 https://registry.npmjs.org/@solana/nominal-types/-/nominal-types-2.3.0.tgz 74299ms (cache miss)
npm http fetch GET 200 https://registry.npmjs.org/enhanced-resolve/-/enhanced-resolve-5.18.4.tgz 76743ms (cache miss)
npm http fetch GET 200 https://registry.npmjs.org/@aws-crypto/sha256-js/-/sha256-js-5.2.0.tgz 76045ms (cache miss)
npm http fetch GET 200 https://registry.npmjs.org/clsx/-/clsx-1.2.1.tgz 74566ms (cache miss)
npm http fetch GET 200 https://registry.npmjs.org/react-is/-/react-is-16.13.1.tgz 74570ms (cache miss)
npm http fetch GET 200 https://registry.npmjs.org/@smithy/is-array-buffer/-/is-array-buffer-2.2.0.tgz 74570ms (cache miss)
npm http fetch GET 200 https://registry.npmjs.org/@smithy/util-buffer-from/-/util-buffer-from-2.2.0.tgz 74570ms (cache miss)
npm http fetch GET 200 https://registry.npmjs.org/@solana/codecs/-/codecs-2.3.0.tgz 74583ms (cache miss)
npm http fetch GET 200 https://registry.npmjs.org/@smithy/middleware-retry/-/middleware-retry-4.4.17.tgz 76702ms (cache miss)
npm http fetch GET 200 https://registry.npmjs.org/@types/react/-/react-19.2.7.tgz 76230ms (cache miss)
npm http fetch GET 200 https://registry.npmjs.org/@smithy/util-utf8/-/util-utf8-2.3.0.tgz 74963ms (cache miss)
npm http fetch GET 200 https://registry.npmjs.org/real-require/-/real-require-0.2.0.tgz 75072ms (cache miss)
npm http fetch GET 200 https://registry.npmjs.org/@solana/transaction-messages/-/transaction-messages-3.0.3.tgz 80253ms (cache miss)
npm http fetch GET 200 https://registry.npmjs.org/@walletconnect/jsonrpc-utils/-/jsonrpc-utils-1.0.8.tgz 78840ms (cache miss)
npm http fetch GET 200 https://registry.npmjs.org/ws/-/ws-8.18.0.tgz 75986ms (cache miss)
npm http fetch GET 200 https://registry.npmjs.org/@radix-ui/react-arrow/-/react-arrow-1.1.7.tgz 75340ms (cache miss)
npm http fetch GET 200 https://registry.npmjs.org/@radix-ui/react-visually-hidden/-/react-visually-hidden-1.2.3.tgz 75341ms (cache miss)
npm http fetch GET 200 https://registry.npmjs.org/@radix-ui/react-use-layout-effect/-/react-use-layout-effect-1.1.1.tgz 75338ms (cache miss)
npm http fetch GET 200 https://registry.npmjs.org/@radix-ui/rect/-/rect-1.1.1.tgz 75358ms (cache miss)
npm http fetch GET 200 https://registry.npmjs.org/@radix-ui/react-use-size/-/react-use-size-1.1.1.tgz 75358ms (cache miss)
npm http fetch GET 200 https://registry.npmjs.org/@radix-ui/react-use-rect/-/react-use-rect-1.1.1.tgz 75357ms (cache miss)
npm http fetch GET 200 https://registry.npmjs.org/yaml/-/yaml-1.10.2.tgz 79415ms (cache miss)
npm http fetch GET 200 https://registry.npmjs.org/readable-stream/-/readable-stream-2.3.8.tgz 76412ms (cache miss)
npm http fetch GET 200 https://registry.npmjs.org/@smithy/is-array-buffer/-/is-array-buffer-2.2.0.tgz 75832ms (cache miss)
npm http fetch GET 200 https://registry.npmjs.org/@smithy/util-buffer-from/-/util-buffer-from-2.2.0.tgz 75833ms (cache miss)
npm http fetch GET 200 https://registry.npmjs.org/@radix-ui/react-use-callback-ref/-/react-use-callback-ref-1.1.1.tgz 75696ms (cache miss)
npm http fetch GET 200 https://registry.npmjs.org/@radix-ui/react-popper/-/react-popper-1.2.7.tgz 75703ms (cache miss)
npm http fetch GET 200 https://registry.npmjs.org/@radix-ui/react-portal/-/react-portal-1.1.9.tgz 75684ms (cache miss)
npm http fetch GET 200 https://registry.npmjs.org/@radix-ui/react-primitive/-/react-primitive-2.1.3.tgz 75691ms (cache miss)
npm http fetch GET 200 https://registry.npmjs.org/@smithy/util-utf8/-/util-utf8-2.3.0.tgz 76173ms (cache miss)
npm http fetch GET 200 https://registry.npmjs.org/@radix-ui/react-use-controllable-state/-/react-use-controllable-state-1.2.2.tgz 76022ms (cache miss)
npm http fetch GET 200 https://registry.npmjs.org/@radix-ui/react-slot/-/react-slot-1.2.3.tgz 76020ms (cache miss)
npm http fetch GET 200 https://registry.npmjs.org/@radix-ui/react-compose-refs/-/react-compose-refs-1.1.2.tgz 76010ms (cache miss)
npm http fetch GET 200 https://registry.npmjs.org/@radix-ui/react-id/-/react-id-1.1.1.tgz 76017ms (cache miss)
npm http fetch GET 200 https://registry.npmjs.org/@radix-ui/react-context/-/react-context-1.1.2.tgz 76009ms (cache miss)
npm http fetch GET 200 https://registry.npmjs.org/@radix-ui/react-use-escape-keydown/-/react-use-escape-keydown-1.1.1.tgz 76031ms (cache miss)
npm http fetch GET 200 https://registry.npmjs.org/@radix-ui/react-presence/-/react-presence-1.1.4.tgz 76023ms (cache miss)
npm http fetch GET 200 https://registry.npmjs.org/@radix-ui/primitive/-/primitive-1.1.2.tgz 76010ms (cache miss)
npm http fetch GET 200 https://registry.npmjs.org/lru-cache/-/lru-cache-10.4.3.tgz 78771ms (cache miss)
npm http fetch GET 200 https://registry.npmjs.org/@radix-ui/react-focus-guards/-/react-focus-guards-1.1.2.tgz 76298ms (cache miss)
npm http fetch GET 200 https://registry.npmjs.org/@radix-ui/react-dismissable-layer/-/react-dismissable-layer-1.1.10.tgz 76311ms (cache miss)
npm http fetch GET 200 https://registry.npmjs.org/@solana/assertions/-/assertions-2.3.0.tgz 77034ms (cache miss)
npm http fetch GET 200 https://registry.npmjs.org/eventemitter3/-/eventemitter3-4.0.7.tgz 76628ms (cache miss)
npm http fetch GET 200 https://registry.npmjs.org/@radix-ui/react-dialog/-/react-dialog-1.1.14.tgz 76633ms (cache miss)
npm http fetch GET 200 https://registry.npmjs.org/@babel/generator/-/generator-7.28.5.tgz 80318ms (cache miss)
npm http fetch GET 200 https://registry.npmjs.org/csstype/-/csstype-3.2.3.tgz 79511ms (cache miss)
npm http fetch GET 200 https://registry.npmjs.org/@radix-ui/react-focus-scope/-/react-focus-scope-1.1.7.tgz 77007ms (cache miss)
npm http fetch GET 200 https://registry.npmjs.org/react-remove-scroll/-/react-remove-scroll-2.6.2.tgz 77002ms (cache miss)
npm http fetch GET 200 https://registry.npmjs.org/ws/-/ws-7.5.10.tgz 77872ms (cache miss)
npm http fetch GET 200 https://registry.npmjs.org/@supabase/supabase-js/-/supabase-js-2.89.0.tgz 79327ms (cache miss)
npm http fetch GET 200 https://registry.npmjs.org/ws/-/ws-8.18.2.tgz 78549ms (cache miss)
npm http fetch GET 200 https://registry.npmjs.org/@solana/rpc-subscriptions-channel-websocket/-/rpc-subscriptions-channel-websocket-2.3.0.tgz 78439ms (cache miss)
npm http fetch GET 200 https://registry.npmjs.org/use-sync-external-store/-/use-sync-external-store-1.4.0.tgz 78280ms (cache miss)
npm http fetch GET 200 https://registry.npmjs.org/@solana/errors/-/errors-3.0.3.tgz 83737ms (cache miss)
npm http fetch GET 200 https://registry.npmjs.org/zustand/-/zustand-5.0.9.tgz 80932ms (cache miss)
npm http fetch GET 200 https://registry.npmjs.org/@solana/rpc-spec/-/rpc-spec-2.3.0.tgz 79584ms (cache miss)
npm http fetch GET 200 https://registry.npmjs.org/@solana/functional/-/functional-2.3.0.tgz 79437ms (cache miss)
npm http fetch GET 200 https://registry.npmjs.org/@solana/rpc-api/-/rpc-api-3.0.3.tgz 85817ms (cache miss)
npm http fetch GET 200 https://registry.npmjs.org/styled-jsx/-/styled-jsx-5.1.6.tgz 83472ms (cache miss)
npm http fetch GET 200 https://registry.npmjs.org/tslib/-/tslib-2.7.0.tgz 80748ms (cache miss)
npm http fetch GET 200 https://registry.npmjs.org/prompts/-/prompts-2.4.2.tgz 84295ms (cache miss)
npm http fetch GET 200 https://registry.npmjs.org/@supabase/postgrest-js/-/postgrest-js-2.89.0.tgz 83483ms (cache miss)
npm http fetch GET 200 https://registry.npmjs.org/@solana/subscribable/-/subscribable-2.3.0.tgz 81510ms (cache miss)
npm http fetch GET 200 https://registry.npmjs.org/@radix-ui/react-tooltip/-/react-tooltip-1.2.7.tgz 81211ms (cache miss)
npm http fetch GET 200 https://registry.npmjs.org/undici-types/-/undici-types-7.16.0.tgz 82363ms (cache miss)
npm http fetch GET 200 https://registry.npmjs.org/@smithy/node-http-handler/-/node-http-handler-4.4.7.tgz 83665ms (cache miss)
npm http fetch GET 200 https://registry.npmjs.org/thread-stream/-/thread-stream-4.0.0.tgz 83505ms (cache miss)
npm http fetch GET 200 https://registry.npmjs.org/@solana-program/system/-/system-0.8.1.tgz 86655ms (cache miss)
npm http fetch GET 200 https://registry.npmjs.org/node-addon-api/-/node-addon-api-2.0.2.tgz 87843ms (cache miss)
npm http fetch GET 200 https://registry.npmjs.org/@smithy/credential-provider-imds/-/credential-provider-imds-4.2.7.tgz 84808ms (cache miss)
npm http fetch GET 200 https://registry.npmjs.org/@aws-sdk/util-endpoints/-/util-endpoints-3.953.0.tgz 84642ms (cache miss)
npm http fetch GET 200 https://registry.npmjs.org/@solana/codecs-data-structures/-/codecs-data-structures-3.0.3.tgz 88193ms (cache miss)
npm http fetch GET 200 https://registry.npmjs.org/@metamask/rpc-errors/-/rpc-errors-6.4.0.tgz 84706ms (cache miss)
npm http fetch GET 200 https://registry.npmjs.org/@solana/rpc-transport-http/-/rpc-transport-http-2.3.0.tgz 83833ms (cache miss)
npm http fetch GET 200 https://registry.npmjs.org/postcss/-/postcss-8.5.6.tgz 85765ms (cache miss)
npm http fetch GET 200 https://registry.npmjs.org/ws/-/ws-8.17.1.tgz 83976ms (cache miss)
npm http fetch GET 200 https://registry.npmjs.org/@smithy/util-stream/-/util-stream-4.5.8.tgz 86291ms (cache miss)
npm http fetch GET 200 https://registry.npmjs.org/@solana/options/-/options-2.3.0.tgz 84961ms (cache miss)
npm http fetch GET 200 https://registry.npmjs.org/@emotion/styled/-/styled-11.14.1.tgz 88297ms (cache miss)
npm http fetch GET 200 https://registry.npmjs.org/tailwind-merge/-/tailwind-merge-2.6.0.tgz 87011ms (cache miss)
npm http fetch GET 200 https://registry.npmjs.org/@metamask/rpc-errors/-/rpc-errors-6.4.0.tgz 86149ms (cache miss)
npm http fetch GET 200 https://registry.npmjs.org/thread-stream/-/thread-stream-0.15.2.tgz 85731ms (cache miss)
npm http fetch GET 200 https://registry.npmjs.org/@solana/keys/-/keys-2.3.0.tgz 85445ms (cache miss)
npm http fetch GET 200 https://registry.npmjs.org/@wagmi/connectors/-/connectors-6.1.2.tgz 90004ms (cache miss)
npm http fetch GET 200 https://registry.npmjs.org/@solana/rpc-subscriptions-spec/-/rpc-subscriptions-spec-2.3.0.tgz 85785ms (cache miss)
npm http fetch GET 200 https://registry.npmjs.org/@adraffy/ens-normalize/-/ens-normalize-1.11.1.tgz 86479ms (cache miss)
npm http fetch GET 200 https://registry.npmjs.org/undici-types/-/undici-types-7.16.0.tgz 86384ms (cache miss)
npm http fetch GET 200 https://registry.npmjs.org/@solana/rpc/-/rpc-2.3.0.tgz 86506ms (cache miss)
npm http fetch GET 200 https://registry.npmjs.org/@metamask/rpc-errors/-/rpc-errors-6.4.0.tgz 87315ms (cache miss)
npm http fetch GET 200 https://registry.npmjs.org/@solana/rpc-subscriptions-api/-/rpc-subscriptions-api-2.3.0.tgz 87627ms (cache miss)
npm http fetch GET 200 https://registry.npmjs.org/uint8arrays/-/uint8arrays-3.1.0.tgz 89737ms (cache miss)
npm http fetch GET 200 https://registry.npmjs.org/@metamask/utils/-/utils-5.0.2.tgz 89780ms (cache miss)
npm http fetch GET 200 https://registry.npmjs.org/@solana/transaction-confirmation/-/transaction-confirmation-2.3.0.tgz 88727ms (cache miss)
npm http fetch GET 200 https://registry.npmjs.org/@solana/addresses/-/addresses-2.3.0.tgz 88739ms (cache miss)
npm http fetch GET 200 https://registry.npmjs.org/@reown/appkit-common/-/appkit-common-1.7.8.tgz 94003ms (cache miss)
npm http fetch GET 200 https://registry.npmjs.org/pngjs/-/pngjs-5.0.0.tgz 92974ms (cache miss)
npm http fetch GET 200 https://registry.npmjs.org/@supabase/storage-js/-/storage-js-2.89.0.tgz 91186ms (cache miss)
npm http fetch GET 200 https://registry.npmjs.org/@walletconnect/time/-/time-1.0.2.tgz 92923ms (cache miss)
npm http fetch GET 200 https://registry.npmjs.org/uint8arrays/-/uint8arrays-3.1.0.tgz 90509ms (cache miss)
npm http fetch GET 200 https://registry.npmjs.org/zustand/-/zustand-5.0.3.tgz 90022ms (cache miss)
npm http fetch GET 200 https://registry.npmjs.org/@solana/codecs-strings/-/codecs-strings-2.3.0.tgz 89764ms (cache miss)
npm http fetch GET 200 https://registry.npmjs.org/tailwindcss/-/tailwindcss-4.1.18.tgz 91409ms (cache miss)
npm http fetch GET 200 https://registry.npmjs.org/uint8arrays/-/uint8arrays-3.1.0.tgz 90893ms (cache miss)
npm http fetch GET 200 https://registry.npmjs.org/@babel/traverse/-/traverse-7.28.5.tgz 93804ms (cache miss)
npm http fetch GET 200 https://registry.npmjs.org/zustand/-/zustand-5.0.3.tgz 91120ms (cache miss)
npm http fetch GET 200 https://registry.npmjs.org/@solana/transactions/-/transactions-2.3.0.tgz 90937ms (cache miss)
npm http fetch GET 200 https://registry.npmjs.org/@ethereumjs/common/-/common-3.2.0.tgz 95996ms (cache miss)
npm http fetch GET 200 https://registry.npmjs.org/@smithy/smithy-client/-/smithy-client-4.10.2.tgz 93343ms (cache miss)
npm http fetch GET 200 https://registry.npmjs.org/@metamask/utils/-/utils-5.0.2.tgz 93430ms (cache miss)
npm http fetch GET 200 https://registry.npmjs.org/@solana/accounts/-/accounts-2.3.0.tgz 92443ms (cache miss)
npm http fetch GET 200 https://registry.npmjs.org/undici-types/-/undici-types-6.19.8.tgz 92166ms (cache miss)
npm http fetch GET 200 https://registry.npmjs.org/@aws-sdk/credential-providers/-/credential-providers-3.955.0.tgz 93897ms (cache miss)
npm http fetch GET 200 https://registry.npmjs.org/@solana/rpc-transformers/-/rpc-transformers-2.3.0.tgz 92870ms (cache miss)
npm http fetch GET 200 https://registry.npmjs.org/@adraffy/ens-normalize/-/ens-normalize-1.11.1.tgz 92713ms (cache miss)
npm http fetch GET 200 https://registry.npmjs.org/@adraffy/ens-normalize/-/ens-normalize-1.11.1.tgz 92853ms (cache miss)
npm http fetch GET 200 https://registry.npmjs.org/immer/-/immer-11.0.1.tgz 94742ms (cache miss)
npm http fetch GET 200 https://registry.npmjs.org/@solana/rpc-types/-/rpc-types-2.3.0.tgz 93456ms (cache miss)
npm http fetch GET 200 https://registry.npmjs.org/@solana/codecs-numbers/-/codecs-numbers-2.3.0.tgz 94126ms (cache miss)
npm http fetch GET 200 https://registry.npmjs.org/uint8arrays/-/uint8arrays-3.1.0.tgz 93975ms (cache miss)
npm http fetch GET 200 https://registry.npmjs.org/@solana/sysvars/-/sysvars-2.3.0.tgz 93674ms (cache miss)
npm http fetch GET 200 https://registry.npmjs.org/@solana/rpc-subscriptions/-/rpc-subscriptions-2.3.0.tgz 93842ms (cache miss)
npm http fetch GET 200 https://registry.npmjs.org/@walletconnect/types/-/types-2.21.0.tgz 94949ms (cache miss)
npm http fetch GET 200 https://registry.npmjs.org/@scure/bip39/-/bip39-1.3.0.tgz 94777ms (cache miss)
npm http fetch GET 200 https://registry.npmjs.org/uuid/-/uuid-9.0.1.tgz 95201ms (cache miss)
npm http fetch GET 200 https://registry.npmjs.org/zustand/-/zustand-5.0.0.tgz 94171ms (cache miss)
npm http fetch GET 200 https://registry.npmjs.org/@scure/bip39/-/bip39-1.5.4.tgz 95337ms (cache miss)
npm http fetch GET 200 https://registry.npmjs.org/@metamask/providers/-/providers-16.1.0.tgz 99272ms (cache miss)
npm http fetch GET 200 https://registry.npmjs.org/pino-pretty/-/pino-pretty-13.1.3.tgz 96375ms (cache miss)
npm http fetch GET 200 https://registry.npmjs.org/@scure/bip39/-/bip39-1.5.4.tgz 95835ms (cache miss)
npm http fetch GET 200 https://registry.npmjs.org/jiti/-/jiti-2.6.1.tgz 97370ms (cache miss)
npm http fetch GET 200 https://registry.npmjs.org/autoprefixer/-/autoprefixer-10.4.23.tgz 96481ms (cache miss)
npm http fetch GET 200 https://registry.npmjs.org/@scure/bip39/-/bip39-1.5.4.tgz 95972ms (cache miss)
npm http fetch GET 200 https://registry.npmjs.org/@babel/parser/-/parser-7.28.5.tgz 98475ms (cache miss)
npm http fetch GET 200 https://registry.npmjs.org/@walletconnect/types/-/types-2.21.0.tgz 96218ms (cache miss)
npm http fetch GET 200 https://registry.npmjs.org/zustand/-/zustand-5.0.0.tgz 95379ms (cache miss)
npm http fetch GET 200 https://registry.npmjs.org/@reown/appkit-utils/-/appkit-utils-1.7.8.tgz 101048ms (cache miss)
npm http fetch GET 200 https://registry.npmjs.org/zod/-/zod-3.22.4.tgz 97138ms (cache miss)
npm http fetch GET 200 https://registry.npmjs.org/@walletconnect/types/-/types-2.21.0.tgz 96867ms (cache miss)
npm http fetch GET 200 https://registry.npmjs.org/socket.io-client/-/socket.io-client-4.8.1.tgz 100823ms (cache miss)
npm http fetch GET 200 https://registry.npmjs.org/uuid/-/uuid-9.0.1.tgz 97100ms (cache miss)
npm http fetch GET 200 https://registry.npmjs.org/uuid/-/uuid-9.0.1.tgz 97102ms (cache miss)
npm http fetch GET 200 https://registry.npmjs.org/@scure/bip39/-/bip39-1.5.4.tgz 97098ms (cache miss)
npm http fetch GET 200 https://registry.npmjs.org/uuid/-/uuid-9.0.1.tgz 97309ms (cache miss)
npm http fetch GET 200 https://registry.npmjs.org/uuid/-/uuid-9.0.1.tgz 97315ms (cache miss)
npm http fetch GET 200 https://registry.npmjs.org/valtio/-/valtio-1.13.2.tgz 102048ms (cache miss)
npm http fetch GET 200 https://registry.npmjs.org/fast-xml-parser/-/fast-xml-parser-5.2.5.tgz 98867ms (cache miss)
npm http fetch GET 200 https://registry.npmjs.org/@solana/kit/-/kit-3.0.3.tgz 101609ms (cache miss)
npm http fetch GET 200 https://registry.npmjs.org/@walletconnect/types/-/types-2.21.1.tgz 97587ms (cache miss)
npm http fetch GET 200 https://registry.npmjs.org/@solana/codecs-numbers/-/codecs-numbers-2.3.0.tgz 97314ms (cache miss)
npm http fetch GET 200 https://registry.npmjs.org/@vanilla-extract/css/-/css-1.17.3.tgz 100069ms (cache miss)
npm http fetch GET 200 https://registry.npmjs.org/postcss/-/postcss-8.4.31.tgz 98154ms (cache miss)
npm http fetch GET 200 https://registry.npmjs.org/@msgpack/msgpack/-/msgpack-3.1.2.tgz 102267ms (cache miss)
npm http fetch GET 200 https://registry.npmjs.org/@solana/codecs-core/-/codecs-core-2.3.0.tgz 99566ms (cache miss)
npm http fetch GET 200 https://registry.npmjs.org/@types/node/-/node-12.20.55.tgz 99916ms (cache miss)
npm http fetch GET 200 https://registry.npmjs.org/react-resizable-panels/-/react-resizable-panels-2.1.9.tgz 100962ms (cache miss)
npm http fetch GET 200 https://registry.npmjs.org/@solana/signers/-/signers-2.3.0.tgz 100651ms (cache miss)
npm http fetch GET 200 https://registry.npmjs.org/@aws-sdk/client-sso/-/client-sso-3.955.0.tgz 103168ms (cache miss)
npm http fetch GET 200 https://registry.npmjs.org/embla-carousel/-/embla-carousel-8.5.1.tgz 104092ms (cache miss)
npm http fetch GET 200 https://registry.npmjs.org/engine.io-client/-/engine.io-client-6.6.3.tgz 107577ms (cache miss)
npm http fetch GET 200 https://registry.npmjs.org/@solana/codecs-core/-/codecs-core-2.3.0.tgz 102745ms (cache miss)
npm http fetch GET 200 https://registry.npmjs.org/aes-js/-/aes-js-4.0.0-beta.5.tgz 105291ms (cache miss)
npm http fetch GET 200 https://registry.npmjs.org/@supabase/ssr/-/ssr-0.8.0.tgz 104198ms (cache miss)
npm http fetch GET 200 https://registry.npmjs.org/@noble/ciphers/-/ciphers-1.3.0.tgz 108215ms (cache miss)
npm http fetch GET 200 https://registry.npmjs.org/@solana/errors/-/errors-2.3.0.tgz 106099ms (cache miss)
npm http fetch GET 200 https://registry.npmjs.org/@solana-program/token/-/token-0.6.0.tgz 111106ms (cache miss)
npm http fetch GET 200 https://registry.npmjs.org/resolve/-/resolve-1.22.11.tgz 110413ms (cache miss)
npm http fetch GET 200 https://registry.npmjs.org/@supabase/realtime-js/-/realtime-js-2.89.0.tgz 109775ms (cache miss)
npm http fetch GET 200 https://registry.npmjs.org/@solana/errors/-/errors-2.3.0.tgz 107733ms (cache miss)
npm http fetch GET 200 https://registry.npmjs.org/jose/-/jose-6.1.3.tgz 113142ms (cache miss)
npm http fetch GET 200 https://registry.npmjs.org/@solana/codecs-data-structures/-/codecs-data-structures-2.3.0.tgz 110422ms (cache miss)
npm http fetch GET 200 https://registry.npmjs.org/unstorage/-/unstorage-1.17.3.tgz 114761ms (cache miss)
npm http fetch GET 200 https://registry.npmjs.org/@solana/transaction-messages/-/transaction-messages-2.3.0.tgz 111568ms (cache miss)
npm http fetch GET 200 https://registry.npmjs.org/@solana/rpc-api/-/rpc-api-2.3.0.tgz 112163ms (cache miss)
npm http fetch GET 200 https://registry.npmjs.org/@lit/reactive-element/-/reactive-element-2.1.1.tgz 117555ms (cache miss)
npm http fetch GET 200 https://registry.npmjs.org/@smithy/util-endpoints/-/util-endpoints-3.2.7.tgz 114410ms (cache miss)
npm http fetch GET 200 https://registry.npmjs.org/@noble/hashes/-/hashes-1.3.2.tgz 115372ms (cache miss)
npm http fetch GET 200 https://registry.npmjs.org/@thirdweb-dev/engine/-/engine-3.4.0.tgz 117637ms (cache miss)
npm http fetch GET 200 https://registry.npmjs.org/@metamask/sdk-install-modal-web/-/sdk-install-modal-web-0.32.1.tgz 119374ms (cache miss)
npm http fetch GET 200 https://registry.npmjs.org/@emotion/react/-/react-11.14.0.tgz 117840ms (cache miss)
npm http fetch GET 200 https://registry.npmjs.org/@tailwindcss/oxide-linux-x64-gnu/-/oxide-linux-x64-gnu-4.1.18.tgz 118226ms (cache miss)
npm http fetch GET 200 https://registry.npmjs.org/pino/-/pino-7.11.0.tgz 119596ms (cache miss)
npm http fetch GET 200 https://registry.npmjs.org/@aws-sdk/client-cognito-identity/-/client-cognito-identity-3.955.0.tgz 118147ms (cache miss)
npm http fetch GET 200 https://registry.npmjs.org/@noble/ciphers/-/ciphers-1.2.1.tgz 118171ms (cache miss)
npm http fetch GET 200 https://registry.npmjs.org/axios/-/axios-1.13.2.tgz 121798ms (cache miss)
npm http fetch GET 200 https://registry.npmjs.org/@thirdweb-dev/insight/-/insight-1.1.1.tgz 120603ms (cache miss)
npm http fetch GET 200 https://registry.npmjs.org/@noble/ciphers/-/ciphers-1.2.1.tgz 119315ms (cache miss)
npm http fetch GET 200 https://registry.npmjs.org/@noble/ciphers/-/ciphers-1.2.1.tgz 120395ms (cache miss)
npm http fetch GET 200 https://registry.npmjs.org/lit/-/lit-3.3.0.tgz 125450ms (cache miss)
npm http fetch GET 200 https://registry.npmjs.org/@walletconnect/sign-client/-/sign-client-2.21.8.tgz 123865ms (cache miss)
npm http fetch GET 200 https://registry.npmjs.org/@metamask/utils/-/utils-11.9.0.tgz 125672ms (cache miss)
npm http fetch GET 200 https://registry.npmjs.org/@solana/kit/-/kit-2.3.0.tgz 121145ms (cache miss)
npm http fetch GET 200 https://registry.npmjs.org/@walletconnect/utils/-/utils-2.21.8.tgz 124764ms (cache miss)
npm warn deprecated @walletconnect/sign-client@2.21.8: Reliability and performance improvements. See: https://github.com/WalletConnect/walletconnect-monorepo/releases
npm http fetch GET 200 https://registry.npmjs.org/@noble/ciphers/-/ciphers-1.2.1.tgz 121967ms (cache miss)
npm http fetch GET 200 https://registry.npmjs.org/@walletconnect/utils/-/utils-2.21.0.tgz 122472ms (cache miss)
npm http fetch GET 200 https://registry.npmjs.org/@reown/appkit-pay/-/appkit-pay-1.7.8.tgz 126912ms (cache miss)
npm http fetch GET 200 https://registry.npmjs.org/@coinbase/wallet-sdk/-/wallet-sdk-3.9.3.tgz 126484ms (cache miss)
npm http fetch GET 200 https://registry.npmjs.org/@babel/runtime/-/runtime-7.28.4.tgz 124724ms (cache miss)
npm http fetch GET 200 https://registry.npmjs.org/@walletconnect/core/-/core-2.21.8.tgz 125542ms (cache miss)
npm http fetch GET 200 https://registry.npmjs.org/@walletconnect/utils/-/utils-2.21.0.tgz 123313ms (cache miss)
npm http fetch GET 200 https://registry.npmjs.org/@walletconnect/utils/-/utils-2.21.0.tgz 123300ms (cache miss)
npm http fetch GET 200 https://registry.npmjs.org/@noble/hashes/-/hashes-1.4.0.tgz 124152ms (cache miss)
npm http fetch GET 200 https://registry.npmjs.org/@walletconnect/utils/-/utils-2.21.1.tgz 124013ms (cache miss)
npm http fetch GET 200 https://registry.npmjs.org/@walletconnect/sign-client/-/sign-client-2.21.0.tgz 124792ms (cache miss)
npm http fetch GET 200 https://registry.npmjs.org/@noble/curves/-/curves-1.2.0.tgz 126747ms (cache miss)
npm warn deprecated @walletconnect/sign-client@2.21.0: Reliability and performance improvements. See: https://github.com/WalletConnect/walletconnect-monorepo/releases
npm http fetch GET 200 https://registry.npmjs.org/@walletconnect/sign-client/-/sign-client-2.21.0.tgz 125048ms (cache miss)
npm http fetch GET 200 https://registry.npmjs.org/@noble/hashes/-/hashes-1.4.0.tgz 124758ms (cache miss)
npm http fetch GET 200 https://registry.npmjs.org/@walletconnect/sign-client/-/sign-client-2.21.0.tgz 125553ms (cache miss)
npm warn deprecated @walletconnect/sign-client@2.21.0: Reliability and performance improvements. See: https://github.com/WalletConnect/walletconnect-monorepo/releases
npm warn deprecated @walletconnect/sign-client@2.21.0: Reliability and performance improvements. See: https://github.com/WalletConnect/walletconnect-monorepo/releases
npm http fetch GET 200 https://registry.npmjs.org/@noble/hashes/-/hashes-1.4.0.tgz 125540ms (cache miss)
npm http fetch GET 200 https://registry.npmjs.org/@safe-global/safe-apps-sdk/-/safe-apps-sdk-9.1.0.tgz 129821ms (cache miss)
npm http fetch GET 200 https://registry.npmjs.org/@types/node/-/node-22.19.3.tgz 126960ms (cache miss)
npm http fetch GET 200 https://registry.npmjs.org/preact/-/preact-10.28.0.tgz 128958ms (cache miss)
npm http fetch GET 200 https://registry.npmjs.org/@walletconnect/sign-client/-/sign-client-2.21.1.tgz 126496ms (cache miss)
npm http fetch GET 200 https://registry.npmjs.org/@metamask/utils/-/utils-8.5.0.tgz 127355ms (cache miss)
npm warn deprecated @walletconnect/sign-client@2.21.1: Reliability and performance improvements. See: https://github.com/WalletConnect/walletconnect-monorepo/releases
npm http fetch GET 200 https://registry.npmjs.org/@metamask/utils/-/utils-9.3.0.tgz 127154ms (cache miss)
npm http fetch GET 200 https://registry.npmjs.org/@metamask/utils/-/utils-9.3.0.tgz 127879ms (cache miss)
npm http fetch GET 200 https://registry.npmjs.org/@solana-program/token/-/token-0.5.1.tgz 126809ms (cache miss)
npm http fetch GET 200 https://registry.npmjs.org/@metamask/utils/-/utils-8.5.0.tgz 127760ms (cache miss)
npm http fetch GET 200 https://registry.npmjs.org/@metamask/utils/-/utils-8.5.0.tgz 127619ms (cache miss)
npm http fetch GET 200 https://registry.npmjs.org/@walletconnect/universal-provider/-/universal-provider-2.21.8.tgz 130115ms (cache miss)
npm warn deprecated @walletconnect/universal-provider@2.21.8: Reliability and performance improvements. See: https://github.com/WalletConnect/walletconnect-monorepo/releases
npm http fetch GET 200 https://registry.npmjs.org/@metamask/utils/-/utils-8.5.0.tgz 127989ms (cache miss)
npm http fetch GET 200 https://registry.npmjs.org/@smithy/types/-/types-4.11.0.tgz 129278ms (cache miss)
npm http fetch GET 200 https://registry.npmjs.org/@walletconnect/universal-provider/-/universal-provider-2.21.0.tgz 128949ms (cache miss)
npm warn deprecated @walletconnect/universal-provider@2.21.0: Reliability and performance improvements. See: https://github.com/WalletConnect/walletconnect-monorepo/releases
npm http fetch GET 200 https://registry.npmjs.org/@walletconnect/core/-/core-2.21.0.tgz 129167ms (cache miss)
npm http fetch GET 200 https://registry.npmjs.org/@metamask/utils/-/utils-9.3.0.tgz 129277ms (cache miss)
npm http fetch GET 200 https://registry.npmjs.org/@walletconnect/universal-provider/-/universal-provider-2.21.0.tgz 129653ms (cache miss)
npm warn deprecated @walletconnect/universal-provider@2.21.0: Reliability and performance improvements. See: https://github.com/WalletConnect/walletconnect-monorepo/releases
npm http fetch GET 200 https://registry.npmjs.org/@walletconnect/core/-/core-2.21.0.tgz 129834ms (cache miss)
npm http fetch GET 200 https://registry.npmjs.org/@walletconnect/core/-/core-2.21.0.tgz 129655ms (cache miss)
npm http fetch GET 200 https://registry.npmjs.org/@reown/appkit/-/appkit-1.7.8.tgz 134463ms (cache miss)
npm http fetch GET 200 https://registry.npmjs.org/@walletconnect/universal-provider/-/universal-provider-2.21.0.tgz 130181ms (cache miss)
npm warn deprecated @walletconnect/universal-provider@2.21.0: Reliability and performance improvements. See: https://github.com/WalletConnect/walletconnect-monorepo/releases
npm http fetch GET 200 https://registry.npmjs.org/@walletconnect/core/-/core-2.21.1.tgz 130249ms (cache miss)
npm http fetch GET 200 https://registry.npmjs.org/@walletconnect/universal-provider/-/universal-provider-2.21.1.tgz 130500ms (cache miss)
npm http fetch GET 200 https://registry.npmjs.org/@types/node/-/node-22.7.5.tgz 129931ms (cache miss)
npm warn deprecated @walletconnect/universal-provider@2.21.1: Reliability and performance improvements. See: https://github.com/WalletConnect/walletconnect-monorepo/releases
npm http fetch GET 200 https://registry.npmjs.org/react-hook-form/-/react-hook-form-7.68.0.tgz 132169ms (cache miss)
npm http fetch GET 200 https://registry.npmjs.org/preact/-/preact-10.24.2.tgz 131573ms (cache miss)
npm http fetch GET 200 https://registry.npmjs.org/multiformats/-/multiformats-9.9.0.tgz 135500ms (cache miss)
npm http fetch GET 200 https://registry.npmjs.org/dom-helpers/-/dom-helpers-5.2.1.tgz 134826ms (cache miss)
npm http fetch GET 200 https://registry.npmjs.org/preact/-/preact-10.24.2.tgz 132376ms (cache miss)
npm http fetch GET 200 https://registry.npmjs.org/@coinbase/wallet-sdk/-/wallet-sdk-4.3.0.tgz 135049ms (cache miss)
npm http fetch GET 200 https://registry.npmjs.org/react-dom/-/react-dom-18.3.1.tgz 137540ms (cache miss)
npm http fetch GET 200 https://registry.npmjs.org/@noble/hashes/-/hashes-1.7.1.tgz 137784ms (cache miss)
npm http fetch GET 200 https://registry.npmjs.org/@supabase/auth-js/-/auth-js-2.89.0.tgz 139036ms (cache miss)
npm http fetch GET 200 https://registry.npmjs.org/@noble/hashes/-/hashes-1.7.1.tgz 137619ms (cache miss)
npm http fetch GET 200 https://registry.npmjs.org/@noble/hashes/-/hashes-1.7.1.tgz 137878ms (cache miss)
npm http fetch GET 200 https://registry.npmjs.org/@noble/hashes/-/hashes-1.7.0.tgz 137396ms (cache miss)
npm http fetch GET 200 https://registry.npmjs.org/@noble/curves/-/curves-1.4.2.tgz 138398ms (cache miss)
npm http fetch GET 200 https://registry.npmjs.org/@noble/hashes/-/hashes-1.7.1.tgz 138303ms (cache miss)
npm http fetch GET 200 https://registry.npmjs.org/@aws-sdk/core/-/core-3.954.0.tgz 140224ms (cache miss)
npm http fetch GET 200 https://registry.npmjs.org/@noble/curves/-/curves-1.8.1.tgz 141070ms (cache miss)
npm http fetch GET 200 https://registry.npmjs.org/@noble/curves/-/curves-1.8.1.tgz 141210ms (cache miss)
npm http fetch GET 200 https://registry.npmjs.org/@noble/hashes/-/hashes-1.8.0.tgz 141961ms (cache miss)
npm http fetch GET 200 https://registry.npmjs.org/@noble/curves/-/curves-1.8.1.tgz 142728ms (cache miss)
npm http fetch GET 200 https://registry.npmjs.org/@noble/hashes/-/hashes-1.8.0.tgz 142660ms (cache miss)
npm http fetch GET 200 https://registry.npmjs.org/@walletconnect/ethereum-provider/-/ethereum-provider-2.21.1.tgz 146638ms (cache miss)
npm warn deprecated @walletconnect/ethereum-provider@2.21.1: Reliability and performance improvements. See: https://github.com/WalletConnect/walletconnect-monorepo/releases
npm http fetch GET 200 https://registry.npmjs.org/@babel/types/-/types-7.28.5.tgz 145440ms (cache miss)
npm http fetch GET 200 https://registry.npmjs.org/victory-vendor/-/victory-vendor-36.9.2.tgz 145077ms (cache miss)
npm http fetch GET 200 https://registry.npmjs.org/@noble/curves/-/curves-1.8.1.tgz 142905ms (cache miss)
npm http fetch GET 200 https://registry.npmjs.org/@noble/hashes/-/hashes-1.8.0.tgz 142928ms (cache miss)
npm http fetch GET 200 https://registry.npmjs.org/@noble/hashes/-/hashes-1.8.0.tgz 143092ms (cache miss)
npm http fetch GET 200 https://registry.npmjs.org/@noble/hashes/-/hashes-1.8.0.tgz 143052ms (cache miss)
npm http fetch GET 200 https://registry.npmjs.org/@noble/curves/-/curves-1.8.0.tgz 143464ms (cache miss)
npm http fetch GET 200 https://registry.npmjs.org/@noble/hashes/-/hashes-1.8.0.tgz 143179ms (cache miss)
npm http fetch GET 200 https://registry.npmjs.org/@noble/hashes/-/hashes-1.8.0.tgz 143654ms (cache miss)
npm http fetch GET 200 https://registry.npmjs.org/@noble/hashes/-/hashes-1.8.0.tgz 143517ms (cache miss)
npm http fetch GET 200 https://registry.npmjs.org/abitype/-/abitype-1.0.8.tgz 146528ms (cache miss)
npm http fetch GET 200 https://registry.npmjs.org/@noble/hashes/-/hashes-1.8.0.tgz 144283ms (cache miss)
npm http fetch GET 200 https://registry.npmjs.org/@noble/hashes/-/hashes-1.8.0.tgz 144148ms (cache miss)
npm http fetch GET 200 https://registry.npmjs.org/@noble/hashes/-/hashes-1.7.2.tgz 143466ms (cache miss)
npm http fetch GET 200 https://registry.npmjs.org/@noble/hashes/-/hashes-1.8.0.tgz 143986ms (cache miss)
npm http fetch GET 200 https://registry.npmjs.org/@noble/hashes/-/hashes-1.8.0.tgz 144475ms (cache miss)
npm http fetch GET 200 https://registry.npmjs.org/@noble/hashes/-/hashes-1.8.0.tgz 144464ms (cache miss)
npm http fetch GET 200 https://registry.npmjs.org/@noble/hashes/-/hashes-1.8.0.tgz 144754ms (cache miss)
npm http fetch GET 200 https://registry.npmjs.org/@noble/curves/-/curves-1.8.2.tgz 144968ms (cache miss)
npm http fetch GET 200 https://registry.npmjs.org/@noble/curves/-/curves-1.9.1.tgz 146965ms (cache miss)
npm http fetch GET 200 https://registry.npmjs.org/lit-html/-/lit-html-3.3.1.tgz 152034ms (cache miss)
npm http fetch GET 200 https://registry.npmjs.org/@noble/curves/-/curves-1.9.1.tgz 147123ms (cache miss)
npm http fetch GET 200 https://registry.npmjs.org/abitype/-/abitype-1.0.6.tgz 148659ms (cache miss)
npm http fetch GET 200 https://registry.npmjs.org/@noble/curves/-/curves-1.9.1.tgz 148154ms (cache miss)
npm http fetch GET 200 https://registry.npmjs.org/@noble/curves/-/curves-1.9.1.tgz 148435ms (cache miss)
npm http fetch GET 200 https://registry.npmjs.org/@noble/curves/-/curves-1.9.2.tgz 148840ms (cache miss)
npm http fetch GET 200 https://registry.npmjs.org/@solana-program/token-2022/-/token-2022-0.4.2.tgz 154333ms (cache miss)
npm http fetch GET 200 https://registry.npmjs.org/abitype/-/abitype-1.1.0.tgz 150402ms (cache miss)
npm http fetch GET 200 https://registry.npmjs.org/@noble/curves/-/curves-1.9.7.tgz 151635ms (cache miss)
npm http fetch GET 200 https://registry.npmjs.org/@noble/curves/-/curves-1.9.7.tgz 152345ms (cache miss)
npm http fetch GET 200 https://registry.npmjs.org/@noble/curves/-/curves-1.9.7.tgz 152537ms (cache miss)
npm http fetch GET 200 https://registry.npmjs.org/@noble/curves/-/curves-1.9.7.tgz 153095ms (cache miss)
npm http fetch GET 200 https://registry.npmjs.org/@noble/curves/-/curves-1.9.7.tgz 153014ms (cache miss)
npm http fetch GET 200 https://registry.npmjs.org/abitype/-/abitype-1.2.3.tgz 153354ms (cache miss)
npm http fetch GET 200 https://registry.npmjs.org/@noble/curves/-/curves-1.9.7.tgz 153632ms (cache miss)
npm http fetch GET 200 https://registry.npmjs.org/@reown/appkit-controllers/-/appkit-controllers-1.7.8.tgz 159059ms (cache miss)
npm http fetch GET 200 https://registry.npmjs.org/abitype/-/abitype-1.1.0.tgz 153988ms (cache miss)
npm http fetch GET 200 https://registry.npmjs.org/@smithy/core/-/core-3.20.0.tgz 156564ms (cache miss)
npm http fetch GET 200 https://registry.npmjs.org/@tanstack/query-core/-/query-core-5.90.12.tgz 158446ms (cache miss)
npm http fetch GET 200 https://registry.npmjs.org/@tanstack/react-query/-/react-query-5.90.5.tgz 158434ms (cache miss)
npm http fetch GET 200 https://registry.npmjs.org/@radix-ui/react-icons/-/react-icons-1.3.2.tgz 161151ms (cache miss)
npm http fetch GET 200 https://registry.npmjs.org/dayjs/-/dayjs-1.11.13.tgz 164182ms (cache miss)
npm http fetch GET 200 https://registry.npmjs.org/@tanstack/query-core/-/query-core-5.81.5.tgz 159332ms (cache miss)
npm http fetch GET 200 https://registry.npmjs.org/@tanstack/react-query/-/react-query-5.81.5.tgz 160244ms (cache miss)
npm http fetch GET 200 https://registry.npmjs.org/@tanstack/query-core/-/query-core-5.90.5.tgz 162012ms (cache miss)
npm http fetch GET 200 https://registry.npmjs.org/@aws-sdk/client-lambda/-/client-lambda-3.955.0.tgz 169469ms (cache miss)
npm http fetch GET 200 https://registry.npmjs.org/@coinbase/wallet-sdk/-/wallet-sdk-4.3.6.tgz 169653ms (cache miss)
npm http fetch GET 200 https://registry.npmjs.org/wagmi/-/wagmi-2.19.1.tgz 173341ms (cache miss)
npm http fetch GET 200 https://registry.npmjs.org/@aws-sdk/nested-clients/-/nested-clients-3.955.0.tgz 174846ms (cache miss)
npm http fetch GET 200 https://registry.npmjs.org/lightningcss-linux-x64-gnu/-/lightningcss-linux-x64-gnu-1.30.2.tgz 177199ms (cache miss)
npm http fetch GET 200 https://registry.npmjs.org/@types/lodash/-/lodash-4.17.21.tgz 180423ms (cache miss)
npm http fetch GET 200 https://registry.npmjs.org/@swc/helpers/-/helpers-0.5.15.tgz 181409ms (cache miss)
npm http fetch GET 200 https://registry.npmjs.org/@hookform/resolvers/-/resolvers-3.10.0.tgz 183217ms (cache miss)
npm http fetch GET 200 https://registry.npmjs.org/recharts/-/recharts-2.15.4.tgz 183650ms (cache miss)
npm http fetch GET 200 https://registry.npmjs.org/@solana/web3.js/-/web3.js-1.98.4.tgz 188430ms (cache miss)
npm http fetch GET 200 https://registry.npmjs.org/react-day-picker/-/react-day-picker-9.8.0.tgz 206290ms (cache miss)
npm http fetch GET 200 https://registry.npmjs.org/zod/-/zod-3.25.76.tgz 209112ms (cache miss)
npm http fetch GET 200 https://registry.npmjs.org/@wagmi/core/-/core-3.0.0.tgz 209989ms (cache miss)
npm http fetch GET 200 https://registry.npmjs.org/x402/-/x402-0.7.0.tgz 212962ms (cache miss)
npm http fetch GET 200 https://registry.npmjs.org/zod/-/zod-3.25.75.tgz 210088ms (cache miss)
npm http fetch GET 200 https://registry.npmjs.org/caniuse-lite/-/caniuse-lite-1.0.30001760.tgz 214371ms (cache miss)
npm http fetch GET 200 https://registry.npmjs.org/@base-org/account/-/account-2.4.0.tgz 216922ms (cache miss)
npm http fetch GET 200 https://registry.npmjs.org/lodash/-/lodash-4.17.21.tgz 218651ms (cache miss)
npm http fetch GET 200 https://registry.npmjs.org/hono/-/hono-4.11.1.tgz 222929ms (cache miss)
npm http fetch GET 200 https://registry.npmjs.org/@wagmi/core/-/core-2.22.1.tgz 219322ms (cache miss)
npm http fetch GET 200 https://registry.npmjs.org/@img/sharp-libvips-linux-x64/-/sharp-libvips-linux-x64-1.2.4.tgz 225017ms (cache miss)
npm http fetch GET 200 https://registry.npmjs.org/zod/-/zod-4.2.1.tgz 222617ms (cache miss)
npm http fetch GET 200 https://registry.npmjs.org/@coinbase/cdp-sdk/-/cdp-sdk-1.40.1.tgz 227501ms (cache miss)
npm http fetch GET 200 https://registry.npmjs.org/@rainbow-me/rainbowkit/-/rainbowkit-2.2.9.tgz 224685ms (cache miss)
npm http fetch GET 200 https://registry.npmjs.org/porto/-/porto-0.2.35.tgz 233908ms (cache miss)
npm http fetch GET 200 https://registry.npmjs.org/ox/-/ox-0.7.0.tgz 239039ms (cache miss)
npm http fetch GET 200 https://registry.npmjs.org/@metamask/sdk-communication-layer/-/sdk-communication-layer-0.33.1.tgz 241144ms (cache miss)
npm http fetch GET 200 https://registry.npmjs.org/ox/-/ox-0.6.7.tgz 237874ms (cache miss)
npm http fetch GET 200 https://registry.npmjs.org/ox/-/ox-0.6.7.tgz 238462ms (cache miss)
npm http fetch GET 200 https://registry.npmjs.org/es-toolkit/-/es-toolkit-1.33.0.tgz 238913ms (cache miss)
npm http fetch GET 200 https://registry.npmjs.org/ox/-/ox-0.6.7.tgz 238941ms (cache miss)
npm http fetch GET 200 https://registry.npmjs.org/es-toolkit/-/es-toolkit-1.33.0.tgz 238941ms (cache miss)
npm http fetch GET 200 https://registry.npmjs.org/ox/-/ox-0.6.9.tgz 238426ms (cache miss)
npm http fetch GET 200 https://registry.npmjs.org/ox/-/ox-0.6.7.tgz 238878ms (cache miss)
npm http fetch GET 200 https://registry.npmjs.org/ox/-/ox-0.6.9.tgz 238926ms (cache miss)
npm http fetch GET 200 https://registry.npmjs.org/es-toolkit/-/es-toolkit-1.33.0.tgz 239346ms (cache miss)
npm http fetch GET 200 https://registry.npmjs.org/es-toolkit/-/es-toolkit-1.33.0.tgz 239162ms (cache miss)
npm http fetch GET 200 https://registry.npmjs.org/ox/-/ox-0.7.1.tgz 239027ms (cache miss)
npm http fetch GET 200 https://registry.npmjs.org/ox/-/ox-0.9.6.tgz 241815ms (cache miss)
npm http fetch GET 200 https://registry.npmjs.org/ox/-/ox-0.9.6.tgz 242460ms (cache miss)
npm http fetch GET 200 https://registry.npmjs.org/ox/-/ox-0.9.17.tgz 244489ms (cache miss)
npm http fetch GET 200 https://registry.npmjs.org/typescript/-/typescript-5.9.3.tgz 247598ms (cache miss)
npm http fetch GET 200 https://registry.npmjs.org/ethers/-/ethers-6.16.0.tgz 269514ms (cache miss)
npm http fetch GET 200 https://registry.npmjs.org/@reown/appkit-ui/-/appkit-ui-1.7.8.tgz 289603ms (cache miss)
npm http fetch GET 200 https://registry.npmjs.org/@reown/appkit-scaffold-ui/-/appkit-scaffold-ui-1.7.8.tgz 317203ms (cache miss)
npm http fetch GET 200 https://registry.npmjs.org/@metamask/sdk/-/sdk-0.33.1.tgz 320717ms (cache miss)
npm http fetch GET 200 https://registry.npmjs.org/date-fns-jalali/-/date-fns-jalali-4.1.0-0.tgz 326989ms (cache miss)
npm http fetch GET 200 https://registry.npmjs.org/es-toolkit/-/es-toolkit-1.39.3.tgz 329410ms (cache miss)
npm http fetch GET 200 https://registry.npmjs.org/lucide-react/-/lucide-react-0.454.0.tgz 496438ms (cache miss)
npm http fetch GET 200 https://registry.npmjs.org/date-fns/-/date-fns-4.1.0.tgz 726317ms (cache miss)
npm http fetch GET 200 https://registry.npmjs.org/@next/swc-linux-x64-gnu/-/swc-linux-x64-gnu-16.0.10.tgz 942244ms (cache miss)
npm http fetch GET 200 https://registry.npmjs.org/viem/-/viem-2.23.2.tgz 993807ms (cache miss)
npm http fetch GET 200 https://registry.npmjs.org/viem/-/viem-2.23.2.tgz 993440ms (cache miss)
npm http fetch GET 200 https://registry.npmjs.org/viem/-/viem-2.23.2.tgz 998416ms (cache miss)
npm http fetch GET 200 https://registry.npmjs.org/viem/-/viem-2.23.2.tgz 1002389ms (cache miss)
npm http fetch GET 200 https://registry.npmjs.org/viem/-/viem-2.31.0.tgz 1071199ms (cache miss)
npm http fetch GET 200 https://registry.npmjs.org/date-fns/-/date-fns-2.30.0.tgz 1131050ms (cache miss)
npm http fetch GET 200 https://registry.npmjs.org/viem/-/viem-2.38.5.tgz 1137232ms (cache miss)
npm http fetch GET 200 https://registry.npmjs.org/viem/-/viem-2.39.0.tgz 1136128ms (cache miss)
npm http fetch GET 200 https://registry.npmjs.org/next/-/next-16.0.10.tgz 1231052ms (cache miss)
npm http fetch GET 200 https://registry.npmjs.org/thirdweb/-/thirdweb-5.116.1.tgz 2306945ms (cache miss)
npm info run bufferutil@4.1.0 install node_modules/bufferutil node-gyp-build

> bufferutil@4.1.0 install
> node-gyp-build

npm info run bufferutil@4.1.0 install { code: 0, signal: null }
npm info run keccak@3.0.4 install node_modules/keccak node-gyp-build || exit 0

> keccak@3.0.4 install
> node-gyp-build || exit 0

npm info run keccak@3.0.4 install { code: 0, signal: null }
npm info run sharp@0.34.5 install node_modules/sharp node install/check.js || npm run build

> sharp@0.34.5 install
> node install/check.js || npm run build

npm info run sharp@0.34.5 install { code: 0, signal: null }
npm info run utf-8-validate@5.0.10 install node_modules/utf-8-validate node-gyp-build

> utf-8-validate@5.0.10 install
> node-gyp-build

npm info run utf-8-validate@5.0.10 install { code: 0, signal: null }

added 1027 packages, and audited 1028 packages in 40m

163 packages are looking for funding
  run `npm fund` for details

found 0 vulnerabilities
npm verbose cwd /home/apedev/crypto-rabbit-hole-arcade
npm verbose os Linux 6.14.0-37-generic
npm verbose node v20.19.5
npm verbose npm  v10.8.2
npm verbose exit 0
npm info ok
